index	Label	Text
332	Personal Hate	নিজেরই যোগ্যতা নাই মিস বাংলাদেশ হওয়ার, আবার আইসে অন্যদের judge করতে। 
409	Political Hate	নির্বাচন কমিশনের নিজস্ব কোনো ক্ষমতা নেই । 
546	Political Hate	কুত্তার বাচ্চা তোর মুখের ভাষা ঠিক কর । তারেক কি বলবে কি বুঝবে । তুই শালা বাটপার । 
70	Personal Hate	যেমনে খারাপ কথা কস...ঘর থেকে বের করে দিবে..
595	Political Hate	পাঁচ বার দুর্নীতিতে বিশ্ব চ্যাম্পিয়ন বিম্পির দালাল পার্থ ( চোরের বেটা) 
48	Personal Hate	তুই মরবি, হাসপাতাল নিয়ে যাবার জন্য সবাই কে ডাকবি কিন্তু কাউকে পাবি না, সবাই ভাববে প্রাংক। 
914	Religious Hate	নাস্তিক ওরা হলো দুনিয়ার ময়লা, আবর্জনা আর নর্দমার কীট 򘐠ভন্ড এক নাম্বার মিথ্যাবাদী 
10	Personal Hate	মোবাইলের দাম কমানো টা ঠিক হয়নাই এই কারনে গরু ছাগলরা মোবাইল কিনে এমন ভাবে বাংলা লেখে 
786	Political Normal	পিলখানা হত্যাকাণ্ডে অফিসারদের ফ্যামিলিকে সরকার ও ব্যাংক ও অন্যান্য সবাই যে অাথির্ক সাপোর্ট দিয়েছে তা নৈতিকভাবে সমথর্নযোগ্য।
312	Personal Hate	মাথার ভেতর কী? পায়খানা?
791	Political Normal	আওয়ামিলীগকে একবার ভোটদিয়ে ভুল করেছি।
964	Religious Hate	সানি তুমিতো বললে কোন ধর্ম বিরুধী না,তাহলে দেখতে পাচ্ছি কুখ্যাত একটা ইসলাম বিরুধী।
234	Personal Hate	খানকির পোলাগো ভাষা দেখো 
899	Religious Hate	বকলম মুসলমানদের যতই বলা হয় আমি নাস্তিক, এরা তত বেশি করে দুর্গা-কালিকে গালি দিবে
1102	Geopoitical Hate	ইন্ডিয়া ইচ্ছে চারালের দেশ 
171	Personal Hate	নাটকের ভালো একজন অভিনেত কে কাকে বললি সালার মাদার চোদ 
1187	Geopoitical Hate	বাংলাদেশের মতো বন্ধু দরকার নেই ইন্ডিয়ার বাংলাদেশে সুধু চোর গুন্ডার আড্ডা 
89	Personal Hate	এই ছাগল টাকে দেখলেই থাবড়াইতে মন চায়। 
470	Political Hate	আরে বেটা মাহি গাবি না কিনে বালতি নিয়া চিন্তা করস 
350	Personal Hate	মদ খা শালারপুতেরা
1339	Gender abusive hate	চুতমারানি তোরে চুদী। কুত্তা দিয়া চোদামু 
1061	Geopoitical Hate	আমার হাতে পতিদিন ভারতেরর মানুষ মার খাই আমি একজন বাংলাদেশি
124	Personal Hate	এই জংলী প্রাণিটার নাম কি।মাথায় আওয়ামি কাউয়ার বাসা।
366	Personal Hate	মাদারচোদ পুটকিতে মরিচ ভইরা দিমু! 
1232	Gender abusive hate	এটা কমিশনার এর মেয়ে খানকিমাগির মেয়ে 
518	Political Hate	শালা চোর এর বাচ্চারা 
1371	Gender abusive hate	তোর ভাষায় বুজাযায় তুই কেমন ঘরের মেয়ে। তোরে পাইলে কুত্তা দিয়া পাল দেওয়াইতাম বেশ্যা 
1032	Geopoitical Hate	অই দেশে এখনো টয়লেট নিয়া প্রচার করে
261	Personal Hate	এই মাগিকে দিয়ে বারা চুসানোর ইচ্ছা করতেছে 
1002	Geopoitical Hate	১৯৭১ সালে নয় মাসে মাত্র ৪০ লক্ষ নারী ধর্ষিতা হয়েছিলেন। এক সাথে থাকলে পুরো চার কোটি নারীর পেটে বাস্টার্ড/বেজন্মা সন্তানে সারা দেশ ভরে যেত।
599	Political Hate	তোদের সকল বিবেক বিসর্জন দিয়ে ই তোরা বিবশ্র লীগয়েই পরিনত হয়ে চিছ শালা শালা ভাদা,! 
294	Personal Hate	বাংলায় ভোদা বললে দোষ আর ইংলিশ এ গুদ শুনতে খুব ভালো লাগে একেবারে মন ভইরা সোনা খারায়া যায় না?
1227	Gender abusive hate	পাচাও দুধ এক নামবার, তুমার জামা কুলে ফেল আরও সুন্দ হবে 
955	Religious Hate	তুই মরলে কুততা দ্বারা কবর দেয়াইস। 
390	Personal Hate	শেষের টা মাথাল 
1057	Geopoitical Hate	ভারতের দালালে দেশটা বরেগেছে ভাই 
118	Personal Hate	ফাক ইউ ব্লাডি সাজু খাদেম। 
821	Religious Hate	এরা মুসলিম স্টেট এ শুয়োরের মতো মুসলিম শোরের বাছা জম্ম দেবে আর অন্য জাগায় কাফের হত্যায় পাঠাবে । 
266	Personal Hate	তুই কি পতিতালয়ে জন্ম্য নিছিস
138	Personal Hate	বালের আবালের মত খালি ইংলিশ মারাও না! 
290	Personal Hate	তোদের ভোদার রস যখন শুকিয়ে যাবে তখন তোদের কুত্তাও চুদবেনা 
1393	Gender abusive hate	সব সালির বোদা দিয়ে ৬ সুতার রড গরম করে দিতে হবে
723	Political Normal	আপনার হাত ধরে আমরা সামনের দিকে এগিয়ে যেতে চাই 
1323	Gender abusive hate	আপু অনেক নিতে পারে। উফ কিভাবে এত ছেলের সাথে পারে? 
846	Religious Hate	বাংলাদেশের মিডিয়া ভারতের হিন্দুদের দালাল..
157	Personal Hate	ফান আর নোংরামীর পার্থক্য আছে যেটা আপনার শিখা উচিৎ।
684	Political Normal	আসল পলিটিশিয়ান তো উপস্থাপক জিলু ভাই
1291	Gender abusive hate	এই সপ বেসসা পোতিতাদের মা বাপ নাই 
448	Political Hate	মাহি তোর মুখে আল্লাহর নাম মানায় না কারণ তো ইসলাম বিদ্বেষী 
866	Religious Hate	ইহুদীরা মানুষ খারাপ, 
1063	Geopoitical Hate	বাস্টার্ড এর বাচ্চা ইন্ডিয়ান। 
415	Political Hate	এই ইসির অধীনে কীভাবে একটি সুষ্ঠু নির্বাচন হবে? 
1165	Geopoitical Hate	সুচিকে জুতা পেটা করে নোবেল কেড়ে নেওয়া উচিত
969	Religious Hate	কুত্তার বাচ্চা বাংলাদেশ সাম্প্রদায়িক দেশ। সামনে আয় তোর সাম্প্রদায়িকতা তোর মায়ের
49	Personal Hate	কি যে আউল ফাউল ইংলিশ বলিস তোরা।বাংলাটাই আগে ঠিক মতো বলা শিখ হারামজাদা
189	Personal Hate	সব গুলা মাদার চুদ। 
305	Personal Hate	ছেলে দুইটাকে ভালো লাগছে কিন্তু মেয়ে টাকে ভালো লাগল না
139	Personal Hate	এগের না চুদে ভাত খাওয়া যাই।
629	Political Normal	আলোচনা করে কীভাবে সুষ্ঠু নির্বাচন করা যায়, সেই ব্যবস্থা করুন।
577	Political Hate	শেখ মুজিব ফেরাউনের বংধর 
609	Political Normal	সবাইকে অতন্দ্র প্রহরীর মতো ষড়যন্ত্রের বিরুদ্ধে সজাগ থাকতে হবে।
1359	Gender abusive hate	এইসসব পতিতা। তোদের মাগী বলবেনা। চুদতে দিছ সবাই রে তো মাগী বলবে না তো কি? 
834	Religious Hate	পাগলে কিনা কয় ছাগলে কিনা খায়,যাদের দেবতা গরু ছাগল হাঁস মুরগি ভেড়া কুত্তা শিয়াল বানর হনুমান হাতি সাপ কেঁচো কৃমি তারা আর কত ভালো হবে
774	Political Normal	আমাদের ভোটের ক্ষমতা চাই। নির্বাচনে ভোট ছাড়া কেউ সরকার না হয়। 
522	Political Hate	বাংলাদেশি জাতীয় বাটপার । 
1004	Geopoitical Hate	পাকিস্তানের মত আবাল দেশের দালালি করে লাভটা কি?
313	Personal Hate	কনডম নিয়ে আইছোতো 
1280	Gender abusive hate	এই খানকি মাগি বেগুন আছে লাগবে 
337	Personal Hate	কথাও বলতে পারে না শালারা
983	Religious Hate	হিন্দুর দেবতারা ত অন্য লোকের বউকে বাচ্চা দেয়, দেখুন মহা ভারত 
185	Personal Hate	বাঙালি হয়ে ইংরেজী বেশি বলাতে লাভ টা কোথায়?? 
790	Political Normal	সরকার বেশী বারাবারি করতেছে। 
1142	Geopoitical Hate	পাইক্কা হারামী নং ওয়ান , এদের জবান ঠিক না । 
793	Political Normal	এসব কাজ একেবারে ঠিক নয়,পুলিশদের বুজার দরকার ছিল যে তাদের ও মা,বোন, ভাই আছে
378	Personal Hate	সাজু শালা এক টা রাম ছাগল। 
32	Personal Hate	মাদারচোদ আর মাগির দল 
583	Political Hate	জিয়া একটা কুওার বাচ্চা মাদার চোদ 
254	Personal Hate	বালের ব্যাকগ্রাউন্ড মিউজিক লাগাইসো 
1221	Gender abusive hate	এই রকম মাগি কত যে আছে 
1080	Geopoitical Hate	ভারত আমাদের দেশের অনেক শত্রু শত্রু শত্রু আমার মনে হয় 
1279	Gender abusive hate	তোর মা ও এই ভাবে ছেলেদের সাথে দুধ গুলা দেখাই দেখাই বিকাশের মাধ্যমে ছেলেদের টাকা খাইত ? 
610	Political Normal	কোনো নীতিমালা বা প্রজ্ঞাপন জারি না করে নির্বাচনের আগে এভাবে বন্দীদের মুক্তি দেওয়া হলে তা নিয়ে প্রশ্ন ওঠাটাই স্বাভাবিক।: নূর খান
808	Religious Hate	বালের পুজা, 
8	Personal Hate	শালা তুই সালমান রিদিয়া আসিফ,সব পাকনা,পাকনা পুলাপাইন।
1208	Gender abusive hate	মাগির পুটকির নিছে কিতা? 
1290	Gender abusive hate	তোকে কুত্তা দিয়ে চুদাবো মাগি 
76	Personal Hate	গরুর হাটের ধোলাই ও মাফ চাওয়াটা কেমন ছিলো!!! আবাল? 
151	Personal Hate	মাইর গুলা কেমন লাগলো৷ বাশ এর বাড়ী 
99	Personal Hate	সৌভিক ভাই আপনার হেয়ার স্টাইল টা কি আপনার গার্লফ্রেন্ড এর থেকে কপি করলেন নাকি 
1239	Gender abusive hate	আহহ উহহ,কতো বড় বড় দুধ খালি ঝোকে মনে হয় ধরি 
219	Personal Hate	হালার গরের হালা বাবা খোর
1166	Geopoitical Hate	পানিতে মমতার ভোদা বরেগেছ তাই বাংলাদেশর দিকে ছেড়ে দিল 
853	Religious Hate	এই মুসলিম দের আতি তারাতারি ভারত থেকে তারাতে হবে।
1169	Geopoitical Hate	সৌদি রাজপরিবার হলো ইয়াজিদের বংশধর। এরা আমেরিকা ও ইসরাইলের দালাল।
1348	Gender abusive hate	এই মাগির তোর ভোদায় এসিড দিমু আমি আমি ছাএলীগ নেতা।
298	Personal Hate	চুল মডেল এইটা। দেখলেই রাগ উঠে।
987	Religious Hate	হিন্দু হয়ে সুসলমান সেজে কথা বলিস । তর মা গরুর চুদা খেয়ে তোকে জন্ম দিছে এটা সত্য না কি মিথ্যে আগে বল ।
702	Political Normal	সে একজন প্রকৃত আইন প্রনেতা 
1130	Geopoitical Hate	জারা প্রবাসে থাকে সুধু তারাই জানে পাকিস্তানিরা কত খারাপ
1211	Gender abusive hate	খানকি মাগি আখি আলমগির 
898	Religious Hate	আগামী ২৫ বৈশাখ থেকে হজরত রবীন্দ্রনাথ ঠাকুর (সালাল্লাহু - লাড়ালাপ্পা) র নামেও ওরশ পালন করিস। 
408	Political Hate	এরা কাজ করতে পারবে না, নির্বাচন করতে পারবে না ।  
508	Political Hate	পার্থ সালার পুত হলো হাসিনার বড় দালাল, পার্থ কে বিএনপির যোট থেকে বাদ দেওয়া হক 
872	Religious Hate	মুর্তিপুজারী,মাজারপুজারী,ভন্ড পীরদের পোদ ফেটে গেছে। 
486	Political Hate	বাল চৌধুরী এতো কথা বলে ক্যান! সরকারের দালাল 
951	Religious Hate	তরে বিচানায় নিয়া খালি পুটকি মারে আমারা জানি,তুই জাহান্নাম মাগি, জাহান্নামির পোলাদের তরে নিয়া জাহান্নামে পুটকি মারবে 
410	Political Hate	যে সরকার ইতিমধ্যে সব প্রতিষ্ঠান দলীয়করণ করেছে, সেই সরকারের ব্যক্তিদের দিয়ে নির্বাচন পরিচালনা অসম্ভব । 
1397	Gender abusive hate	ওই খানকিরে সব ছাএ ভাইয়েরা মিলা ছুদেন তাই নাকি আবার ইয়াবা সেবন করে খানকি 
463	Political Hate	শালা বাসটারড হাসিনার পাও চাটা কুত্তা 
1115	Geopoitical Hate	ভারতে ধর্ষণকারি আছে আছে 100 কোটি, আর মাতাল আছে 120 কোটি 
561	Political Hate	বেয়াদবের বাচ্চা খাম্বা চুরের বাচ্চা 
9	Personal Hate	এসব আবাল গুলা আমাদের সুন্দর বিনোদন থেকে দূরে রাখে। 
905	Religious Hate	মুহম্মদ যখন বাচ্চা মেয়ে আয়েশাকে বিছানায় নিয়ে যায় (এটাকে আমি বিয়ে বলবো না), সেটা লুচ্চামি, সেটা শিশুকামিতা, সেটা ধর্ষণ। 
870	Religious Hate	ইহুদিরা অনেক ভয়ংকর। 
367	Personal Hate	সাজুএই প্রশ্ন্যটা তোর মাকেও বোনদের করিস তো দিক উত্তর পাবি-কারন একই চলিত ভাষা হবে। 
1201	Gender abusive hate	বাংলা দেশের মেয়েরা এতো অনেক খারাপ ছি ছি ছি 
3	Personal Hate	সব মাদার চোদ। সালারা তোদের কাছ থেকে কি শিখব 
1292	Gender abusive hate	তর ভোদার ভিতরে ভালো ভাবে বরে দিমু
1051	Geopoitical Hate	রোহিঙ্গাদের কারনে আমাদের দেশে দিন দিন নিত্য প্রয়োজনীয় পণ্যের দাম বেড়েই চলছে
1276	Gender abusive hate	এই টাকা কি তোর মাকে না বাপ কে ভাই কে বোন কে খাওয়াস মরবি না মাগি 
738	Political Normal	ব্যারিস্টার আলতা তো রহমান পার্থ উনি একজন অসাধারণ লোক উনার মতন লোক দেশের নেতৃত্ব প্রয়োজন
1235	Gender abusive hate	হায়রে মাগি কেমন করে । 
303	Personal Hate	শালীর কন্ঠ গাবীন গরুর মত
123	Personal Hate	প্লিজ কেউ কন্ড়ম চারা ওরে চুদবেন্না
449	Political Hate	মাহির আচরণে ছাগলের ৩ নাম্বার বাচ্চার মত লাগছে । 
644	Political Normal	একটি দল ৭ দফা দিয়েছে (জাতীয় ঐক্যফ্রন্ট)। সরকার তা মানতে রাজি নয়।
220	Personal Hate	ইউটিউবার দেখছি এমন বক্সচুদ ইউটিউবার তো দেখি নাই কখনো।
205	Personal Hate	তোদের তো চুদেই তো টাকা দেয়।
239	Personal Hate	কয়দিন পর চুদতে চুদতে বলবে তারা ফান করছে
371	Personal Hate	তরা পমান করলি তরা বাংলা মাগি 
1153	Geopoitical Hate	যারা স্বেচ্ছায় পাকিদের দ্বারা গর্ভবতী হয়েছিল তাদের সন্তানেরা এখনো বাবা বাবা চিৎকার দেয়।
596	Political Hate	আর কত অপমানিত হলে টকশো তে আসা বন্ধ করে দিবি আওয়ামী রেজা । 
1318	Gender abusive hate	মাগি খানকি তোর কি মা, বাবা, ভাই,বোন নাই মাগি 
879	Religious Hate	আল্লাহ এই হুজুরকে হেদায়েত দেন ছাগল হুজুর । 
186	Personal Hate	শুকারের বাচ্চার লিঙ্গ কেটে 100ভাগ করব। 
976	Religious Hate	তুই একটা ফেরাওন অামি অাইতাছি তর কাছে তুই রেডি থাকিস 
654	Political Normal	ক্ষমতায় যাওয়ার জন্য যা যা করা দরকার, তা করতে হবে। 
260	Personal Hate	তোরাই সমাজ নস্ট করিস,
458	Political Hate	মাহি যে একটা বড় মাপের টাউট তা তার ক্ষিপ্ত ভাষা থেকেই বুঝা যায় । 
726	Political Normal	সব কিছুতে বঙ্গবন্ধু পরিবার ও আওয়ামীলীগ এগিয়ে, জয় বাংলা জয় বঙ্গবন্ধু, 
88	Personal Hate	তুই ইউটিউব থেকে বিদায় নেস না কেন.. 
1294	Gender abusive hate	পুরা বেশ্যা মাগী 
455	Political Hate	ঐক্যটাকে ধ্বংস করছে শয়তান মইনুল ইসলাম । 
1272	Gender abusive hate	আস্তাো একটা খানকি মাগি টাকা কামানোর ধান্ধা 
200	Personal Hate	সনিকা যে একতা মাগি তা আপনার শো তে এসে প্রকাশ করল ।
857	Religious Hate	আসামের রোহিঙ্গা মুসলমানদের তারিয়ে দেওয়া হোক কারণ এরা ভারতের মানুষ নয় 
1154	Geopoitical Hate	পাকিস্তান একটা মাদারচোদ দেশ। শুয়োরের বাচ্চা সবগুলো। তার চেয়ে বেশি শুয়োরখোর ইন্ডিয়ান রা। 
50	Personal Hate	ভাই বাংলাদেশের যে এত্ত শিল্পীর উদয় হইছে আজ জানলাম।
1046	Geopoitical Hate	বাংলাদেশ। পাকিস্তান। এক।সাতে।থাকলে।বাংগালীদের।দামে দিত।না।তারা। 
1012	Geopoitical Hate	ভারত যেন বাংলাদেশের কোনো ব্যাপারে নাক না গলা, কেননা ভারত বাংলাদেশকে কখনো ভালো চায় না
297	Personal Hate	এর যদি ভিডিও বাহির হয়,প্রভার চেয়ে ও বেশি চিল্লাই বো,
152	Personal Hate	খানকি মাগি নডির পুলা মায়ের সামনে ভিডিও চালু করসিলাম আর তর বালের আহ সাইন্ড আইসা পরল।
598	Political Hate	আওয়ামী মানে ভারতের চামচা । আর হাসিনা হল ভারতের বউ । 
1098	Geopoitical Hate	আর ৫০ বছর পর পাকিস্তান নামে কোন দেশ থাকবে না। 
34	Personal Hate	আজাইরা আলাপ কম কইরা পারলে ভালা কিছু নিয়া কথা কইয়া দেখাইও ফাউল মিয়া
411	Political Hate	কমিশন সচিবের কথা শুনলে মনে হয়, তিনিই প্রধান নির্বাচন কর্মকর্তা । 
140	Personal Hate	এই ছামারের বাচ্ছারা, এটাকি ফ্যামেলি নিয়ে দেখার মত ভিডিও
373	Personal Hate	মাদারচোদ হোল তুইলা নিয়া আইসস
1075	Geopoitical Hate	ইন্ডিয়া আগ্রাসী
541	Political Hate	তোর মা তো যুদ্ধের সময় পাকস্তানে ভালোই আরাম আয়েশ করেছে । 
143	Personal Hate	তোমার দুধ বড় কেনো.
787	Political Normal	সবকিছুর শুরু এবং শেষ আছে এর জবাব একদিন দিতেই হবে 
820	Religious Hate	ইসলামে মারে চুদেছে ইসলামে মারে নাভি চুদা ভোদা দুদু ভোদা দুদু চুদি তোদের মাহিলাদের 
678	Political Normal	আওয়ামীলীগের নেতারা আপনাকে না চিনলেও তৃণমূল আওয়ামীলীগ আপনার সাথে আছে। 
1181	Geopoitical Hate	দেখ, তোদের ভাই ফাকিস্তানের কি অবস্থা আজ।
1265	Gender abusive hate	এই মহিলার যউনাংগে ছুরি ডুকিয়ে মেরে ফেলা উচিত 
53	Personal Hate	এই বাইনচোদ টা কেমনে ক্যামেরার সামনে আসে,গরু পিটানো লাঠির মাইর খাইয়া হয় নাই!!? 
687	Political Normal	ডঃ কামাল সাহেব বঙ্গবন্ধুর আদর্শ লালন করেন
1132	Geopoitical Hate	তুমি পাকিস্তানের রাজাকার নাকি ভাই এদের মতু লোচ্চা আর কোনু দেশ নাই। 
1284	Gender abusive hate	কি আমাদের দেশ বসুন্ধরা তারি মাঝে এই খানকি মাগি হইছে আচুদা, চোদা নেওয়ার শখ বাড়ছে কুত্তা দিয়া চুদা নে চুতমারানি। 
98	Personal Hate	পারে না কথা বলতে এর আবার উপস্থাপনা করে।
1189	Geopoitical Hate	ভারত কাফের বাংলা। পানি ছেরে দায়, যার করনে ভেসে যায় ও বন্যা হয়। 
427	Political Hate	মাহির কথায় বুঝা যায় যে এই ফোন আলাপ সাজানো এবং সরকারের নির্দেষ অনুযায়ী 
1372	Gender abusive hate	এ তোর মার চুদি, তোর চোদবো আর আওয়ামীলীগের সমস্ত নেতা দিয়ে চোদাবো।
105	Personal Hate	যতসব নোংরা বেপার উপস্থাপন করে।
965	Religious Hate	দুর সালা মালায়ুন পাগল 
674	Political Normal	রনি ভাই আওমীলীগ নিয়ে আপনি কথা বলেছেন এর আগে
1000	Geopoitical Hate	১৯৭১ এ ভারত সাহায্য না করলে আজকে এই বাংলা ভাষায় কথা বলতে পারতি না, ফাকিস্তানের পা চাটতি।
27	Personal Hate	ভাই তোমারে তো চুরের মত লাগে.
237	Personal Hate	লুচ্চা খানকির পুলা
690	Political Normal	শেখ মুজিবের কথা এতই বলেন তা হলে জোট করছেন কার সাথে
402	Political Hate	মইনুল রাজনৈতিকভাবে চরিত্রহীন
39	Personal Hate	ভাই এগুলারে পাবনার মানসিক হাসপাতালে ভর্তি করানো উচিত। 
421	Political Hate	জাতীয় ঐক্য প্রক্রিয়া থেকে ছিটকে পড়ে মাহি'র চুলকানী শুরু হয়ে গেছে । 
1052	Geopoitical Hate	ভারত মানে হচ্ছে সার্থপর। 
906	Religious Hate	ইসলাম অনুসারে, ৭২টি হুরের সঙ্গে চব্বিশঘন্টা সেক্স করার জন্য জান্নাতি পুরুষদের লিঙ্গ সব-সময় শক্ত ও খাড়া হয়ে থাকবে I 
394	Personal Hate	কানকির পুত এইকতা তোর মাকে আমি বলতে চাই 
770	Political Normal	আমি শুধু বলতে চাই মুজিব এর পরে এক মাত্র যোগ্য নেতা পার্থ যদি ও দুই জন দুই দলের 
433	Political Hate	বাপ বেটারে আরো আগে লাতি দেওয়া উচিৎ ছিল 
221	Personal Hate	ফেমিলি সো শালার তোর ভিডিওর শুরুতে আহ সাউন্ড।
880	Religious Hate	এই শালা কে কি কুত্তা পয়দা করছিল নাকি শয়তান পয়দা করছিল সালায় কয় কি
768	Political Normal	আন্দালিব রহমান পার্থ বাংলাদেশে একজনই আছে। শুধু এইটুকু বলবো। 
250	Personal Hate	সেক্স কোরে তার পর ভিডিও দে লাইভ এসে!! 
117	Personal Hate	সাজু কুত্তার বাচ্চা ওর জন্ম পতিতালয়ে ।মাদারচোদ 
1310	Gender abusive hate	মাগি তর কি বড় ভাই নাই। তার সাথে ও ত খারাপ কাজ করতে পারিস 
182	Personal Hate	তুই তো কারো পায়ের জুতো হওয়ার ও যোগ্য না আর ভাব লস ?
1387	Gender abusive hate	তুর মেয়ে,মাগী চোদার কামাই।
1145	Geopoitical Hate	মিয়ানমার কুত্তার বাচ্চা গুলারে শিখ্যা দিতে আমরা বেশামরিক লোকই যতেস্ট। 
1035	Geopoitical Hate	ভারতে মস্তান আছে অনেক শুধু খুন করে,বিচার নাই। 
170	Personal Hate	এইসব চোদমারানির পোলারা এত পচানি খায় তাও শিক্ষা হয় না!
1383	Gender abusive hate	মাগি তোকে পেটে দরচে সে ভড় মাগি 
652	Political Normal	দলের চেয়ে প্রার্থীর যোগ্যতা বেশি হতে হবে। 
725	Political Normal	দেশের গণতন্ত্র একদিননা একদিন আসবেই।
315	Personal Hate	এই মাঘীর বোধা যে কত চোদা খাইছে তাই নিজেও বলতে পারবে না।
1123	Geopoitical Hate	ভারতের দালালি যারা করে এরা ভারত চলেযাক এদের বাংলাদেশের দরকার নাই 
173	Personal Hate	ভালগার প্রশ্ন বাদ দিয়া ভালো কন্টেন্ট বানাতে চেষ্টা কর। 
424	Political Hate	বিড়াল শুটকির নাগাল না পেলে বলে পরের হক্ব খাইনা
1229	Gender abusive hate	মালটা অনেক জটিল 
1129	Geopoitical Hate	মাদার চুদ, ১৯৭১ সালে খানকির পুলারা,৩০ লক্ষ, মানুষের প্রাণ গেছে তদের জন্য, কুত্তার বাচ্ছা 
1033	Geopoitical Hate	চীনা মোটা বারা দিয়ে কাংলুদের গূদে দিচ্ছে বিশাল ধাক্কা চোদন খেয়ে কাংলুদের মা যাচ্ছে এবার মক্কা । 
92	Personal Hate	শরম নাই শালা লুইচ্চাগো 
506	Political Hate	রনি সাহেব বলছিল,আওয়ামীলীগ কে জুতা দিয়া মারলে ও মান সন্মান যায় না এখন দেখি,তার তাও যায় না 
489	Political Hate	মাহী সে মানুষ টা বেশী ভাল না । 
359	Personal Hate	ছি ছি ছি এই মাদার চোদরা বেলে উপস্হাপক
616	Political Normal	আমরা জানি প্রতিটি কনসার্ট তিনি জাতীয় সংগীতের মাধ্যমে শুরু করতেন।
717	Political Normal	এগোলো কোন নেতার কথা হতে পারে না 
1278	Gender abusive hate	এর ভোদা সবাই ফাটাও
1218	Gender abusive hate	মেয়েরা চুদার পাগল মাগির বাচ্ছা চিনাল বেডির পুরি
519	Political Hate	বিএনপি কামালের পা চাটতে গেছে যেনো আইনের লড়াই করে খালেদা জিয়া কে বের করে 
62	Personal Hate	তৌহিদ,সালমান,এই বর্তমানে যেটার ভিডিও দেখছি এই ফকিন্নির নাম জানি না,এনিওয়ে সবগুলার চ্যানেল আনসাবস্ক্রাইব করতেছি।
351	Personal Hate	মাঝে মধ্যে আমাদের ভাষা টাকে কেন অপমান করছিস 
31	Personal Hate	এসব শিল্পীদেরকে বিশেষ পুরসকার দেওয়া দরকার
997	Religious Hate	তুরা নাস্তিকরা ফেরাউনের অনুসারি এবং ফেরাউনের সাথে জাহান্নামের আগুনে চুড়ে ফেলা হবে হবে তোদের। 
991	Religious Hate	হালার ঘরের হালা জানোয়ার তোর মত সবাই জারজ না আমরা নিজের জীবনের বিনময়ে হলেও আমরা আমাদের ধর্মের মান রহ্মা করব 
1177	Geopoitical Hate	ইন্ডিয়ার সব মানুষ নাকি শিক্ষিত। হাহাহা। ফহিন্নিরে কোনো দিন মানুষ হয়?
166	Personal Hate	দূর কেন যে টয়লেটে বসে তর ভিডিও দেখতে গেলাম এখন আমার হাগায় বন্ধ হয়েগেছে।
1086	Geopoitical Hate	ভারত আমাদের ভাল চায় না।
975	Religious Hate	মুহাম্মদ চুদাইলে তুমার কি। তুমাকে ত চুদাই নাই। তুমি অনলাইনে এত বগ বগ কর কেন।
16	Personal Hate	অসভ্য,লম্পট, নোংরা কোথাকার।
11	Personal Hate	ভিডিও বানানোর আর কোনো কিছু পাও না বুঝি, তাই এখন আসছো হুদাই ফাইজলামি করতে
959	Religious Hate	তসলিমা নাসরিনের মত তুমি ও টাকা পাও কাফের
962	Religious Hate	পৃথিবীতে যত ধর্ষণ হয় তার 85% ধর্ষণ করে মুসলিম পুরুষরা। 
277	Personal Hate	কয় হেই বাংলাদেশি না হেই আবার বাংলাদেশের নিমক খাইয়া হারামিপনা করে
1307	Gender abusive hate	খানকি মাগিদের কি সুন্দর ব্যবসা ? 
559	Political Hate	শালা মাদার চোদ খান্কির ছেলে 
1082	Geopoitical Hate	পাকিস্তান একটা আতঙ্ক বাদি দেশ ও সব দেশেই আতঙ্ক বাদ ছড়ায়
85	Personal Hate	হাহাহ... সব আবাল বাংলাদেশ এ
1299	Gender abusive hate	তুই একটা খানকিমাগী পতিতা 
1152	Geopoitical Hate	পাকিস্তান একটা খাটাশ রাষ্ট্র। 
375	Personal Hate	অশিক্ষিত কুত্তার বাচ্চা। জংগি শালা।
1246	Gender abusive hate	এই মাল টা রে চোদলে মজা পাই বো 
620	Political Normal	নির্বাচন কমিশনের একজন কমিশনার প্রকাশ্য বলেছেন, সুষ্ঠু নির্বাচনের জন্য তাঁর দেওয়া প্রস্তাবগুলো বিবেচনা করা হচ্ছে না। 
25	Personal Hate	হেডার ঘরে হেডার মাইয়া বালের মাইয়া
1085	Geopoitical Hate	আমাদের উচিৎ আরেক চীন অথবা পাকিস্তান হওয়া এবং ভারতকে ঔষুধ দেওয়া।
1188	Geopoitical Hate	ভারত আমাদের দেশটা ডংশ করে দিচ্ছে হাসিনা খমতার লোভে কিছু দেখে না ভারত আমাদের গার্মেন্টস শিলপ ডংশ করছে
856	Religious Hate	মুসলিম গরু চোর সন্ত্রাসী বাংলাদেশীদের হিন্দুস্থান থেকে বাহির হতে হবেই
1117	Geopoitical Hate	ভারত মুসলমাদের উপর জুলুম অত্যাচার করছ, উল্টা মিথ্যা অপবাদ দেছ, অহংকারেই একদিন পতন হবে ভারতের !!
142	Personal Hate	পাছায় বারি খাওয়ার পর শোওফিকের তামাশা করতে ভাল লাগে!!!
1319	Gender abusive hate	ঐ বেডি তুর বুকে পশম আছেনি?
589	Political Hate	অাওয়ামিলীগ অাচার খাইলেও কোন দিন শিকার করনা, এটা হলো চাপাবাজ অাওয়ামিলীগের নিতি
493	Political Hate	মাহি ও বি চৌধুরী কাদাপানিতে আটকে গেছেন । 
1071	Geopoitical Hate	মাদারচোদ পাকিস্তানি 
743	Political Normal	পার্থ ভাইয়া আমার একজন প্রিয় ব্যাক্তিত্ব 
1194	Geopoitical Hate	মায়ানমার কুত্তা 
94	Personal Hate	আমি কী করছি আমারে মারেন কেন??
681	Political Normal	খোদ অাওয়া মিলী গের অ নেকেই অাওয়া মিলীগ কে ভোট দে বে না 
712	Political Normal	৮০র দশকের স্বৈরাচারীর পতন ৯১ এ ঘটেছে,
794	Political Normal	পরবর্তী পাঁচ বছরের জন্য পুনরায় আওয়ামী লীগকে নির্বাচিত করতে হবে দেশের ও দশের কল্যাণের কথা চিন্তা করে। 
460	Political Hate	মাহি বাদ পড়ে মাথা খারাপ হয়ে গেছে । 
158	Personal Hate	ক্লাসলেস পিস অফ শিট! 
1337	Gender abusive hate	মাগি তোরে চুদবো, কাম দিবি? 
1149	Geopoitical Hate	যখন পাকিস্তানের দখলে ছিল বাংলাদেশ তখন কিরকম অত ্যাচার করেছিল পাকিস্তান।
1170	Geopoitical Hate	প্রধান্মন্ত্রির কাছে আমার একটা রিকুয়েস্ট ভারতের সাথে সম্পর্ক বিচ্ছিন্ন করেন 
1009	Geopoitical Hate	খান্কিমাগি পাকিস্তানের দালাল 
474	Political Hate	মাহি বি চৌধুরী একলা হয়ে এখন কুত্তার মতো ঘেউ ঘেউ করতেছে 
931	Religious Hate	নাস্তিকেরা এইসব গরু - ছাগল কই থেকে যে আনে 
302	Personal Hate	খাটি বাংলায় এক কথায় মাগি একটা।
822	Religious Hate	বেদব তুই টয়লেটে পরে মরবি শয়তান কুতথার বাচছা হারামি নবীর দুশমন
771	Political Normal	আন্দালিব রহমান পার্থ ভাই আমাদের জীবনের আদর্শ স্বরূপ 
1203	Gender abusive hate	মডেল না মনে হচ্ছে মাগী পাড়ার মাগী দুইটা।পঞ্চাশ একশো টাকা দিলে চোদা যাবে। 
112	Personal Hate	বালি সোদাও না আবার বাংলায় জন্মগ্রহন করা মারাইছ কেন?
733	Political Normal	হে পিতা,বাঙ্গালী জাতি আপনার কাছে চিরঋণী। 
581	Political Hate	খুনী জিয়া যদি নামরত তবে বাংলার সবাধীনতা থাকতনা । 
1243	Gender abusive hate	তরে কত মানুষ গুয়া মারছে তা টিক নাই, দুধ দেখলে মনে হয় শুধু গুয়া মারছে না, দুধে শুনা ডুকাইচে তরে ছুধানির এক হাত নম্বা দন দিয়া গুয়া মারলে বুজতি তখন, 
162	Personal Hate	তোদের মতো কুত্তার বাচ্চারা সোনিকার মতো মেয়েরা পাইলে শিওর গ্যাংব্যাং দিবি
1389	Gender abusive hate	শালিরে কচুদেও ভোদায় 
404	Political Hate	প্রকৃতপক্ষে আপনি রাজনৈতিকভাবে চূড়ান্ত চরিত্রহীন । 
444	Political Hate	বাপ বেটা মিলে নতুন দালালী শুরু করছিলো 
133	Personal Hate	মাগী তুই কি ভুলে গেলে যে তুই টিভির সামনে বসে কথা বলছিস
970	Religious Hate	মাগীচুদা নাস্তিক তরমারে চুইদা প্রমান কর তুই সত্তিকারের নাস্তিক,
199	Personal Hate	যদি জারজ না হয়ে থাকিস, তাহলে দয়া করে ভাল হয়ে যা 
966	Religious Hate	তুই তুর দেশের না, মা এর নয়, তুই নয় হিন্দুর নয় মোসলিমের, তুই হলি শয়তানের শুধু শয়তানের, হারামযাদা কুত্তার বাচ্ছা। 
1238	Gender abusive hate	ওর দুধ আর পাচা দেখেত আমার সোনা খারা হয়ে গেছে, আমি ওরে চুদলে ও অনেক খুশি হবে কারন আমি ১ ঘন্টার বেশি চুদতে পারি
542	Political Hate	ওটা নাকি দেশ নায়ক লন্ডনে বসে সালা চুর 
499	Political Hate	বলদ! নিজেরে নওয়াবজাদা সলিমুল্লাহ মনে করে!
769	Political Normal	উন্নতি সব সরকারে জন্য,সাধারণ মানুষের হয়না, 
389	Personal Hate	ব্রা-প্যান্টি পইড়া নিকি মিনাজের মত এনাকোন্ডা পার্ট টু বের কর.
177	Personal Hate	কি সব বাল সাল, সোনিকা ধুর ক্ষ্যাত
1106	Geopoitical Hate	উপমহাদেশের মুসলমানদেরকে তিন ভাগে ভাগ করে হিন্দু-ভারতীয়রা 
396	Personal Hate	সৌভিক কি হিজড়া না কি যে,সৌভিকের বিয়ে নিয়ে প্রাঙ্ক হয়!?
663	Political Normal	এখন নিজস্ব বিমানেই তাঁরা দেশে যাতায়াত করতে পারবেন। 
1222	Gender abusive hate	এই রকম বড় মেয়েকে বিয়ে করতে হবে। দুধ খেয়ে মজা পাব।
588	Political Hate	হাসিনা আসার পর উন্নতি হয়েছে মন্তীদের পুরূষ অঙ্গ যেমন রেল মন্তী ৬৫ বছর পর ভিবাহ করালেন হাসিনা । 
215	Personal Hate	কি বাজে কণ্ঠ!! এই বেডি অটো টিউন ছাড়া গানের দিকে আইলো কেমতে?? 
543	Political Hate	এই কুত্তার বাচ্চা ক্ষমতায় আসলে দেশের ইতিহাস নষ্ট করে ফেলবে
1021	Geopoitical Hate	যারা ভারতের পক্ষে কথা বলে, তাদের দেশের পতি কোন ভালোবাসা নেই,
636	Political Normal	কীভাবে একটি সুষ্ঠু নির্বাচন হবে, তার পথ বের করুন। 
1024	Geopoitical Hate	তোদের দেইনি বলে বলছিস দিলে বলতিস না।কাংলাদেশী খানকির ছেলেরা। 
864	Religious Hate	হিটলার কে ধন্যবাদ কারণ ইহুদীরা আসলিই খারাপ 
368	Personal Hate	শালা মাগির বাচ্চারা। 
497	Political Hate	মান্নার ফাঁসানোর মতো কি আছে এখানে? বলদার বলদা
1268	Gender abusive hate	এই কাংকির মেয়ে তর মার বুদার বিতরে লাল মরিস দিমু 
855	Religious Hate	যখন বাংলাদেশ থেকে হিন্দুদেরকে তারানো হচ্ছিল তখন কোথায় ছিল সহিংশুনতা 
510	Political Hate	বিএনপি এখন পাগল হয়ে গেচে 
1138	Geopoitical Hate	দেশ ভাগের সময় রাখাইন রাজ্য বাংলাদেশ তথা পাকিস্তানের সাথে থাকতে বলেছে কিন্তু এই নেহেরু এটা নাখোচ করে দিয়েছে যার দরুন আজ রহিঙ্গাদের করুন অবস্হা !
940	Religious Hate	নাস্তিকের গুষ্টি, জাহান্নামের দরজা দিয়ে তোমরা প্রবেশ করবা
1178	Geopoitical Hate	এত দূর বাংলা দেশ নিয়ে চিন্তা না করে পাশের দেশ আফগানিস্তান, ইরান, ইরাক নিয়ে একটা দেশ বানাও
1384	Gender abusive hate	মাগি রা তোরে পাইলে তোর মার আর তোর সোনা একসাতে খাইতাম
1321	Gender abusive hate	তোর মাকে চুদি 
692	Political Normal	শ্রধ্বেয় ড. কামাল স্যার আপনি কিভাবে বংগবন্ধুর খুনি চক্র সঙ্গে জোট করলেন?
673	Political Normal	রনি ইস পারফেক্ট!! পার্থ এর আপন ভাই শান্ত ভোলা ২ থেকে নৌকা প্রতীক নিয়ে নির্বাচন করবে!! 
985	Religious Hate	তোমার চেহারার দিকে তাকিয়ে দেখ তোমাকে মোটেও ভাল মানুষ মনেহয়না শয়েতানের মত লাগে 
783	Political Normal	আওয়ামীলীগকে ব্যাখ্যা দেওয়ার জন্য খুঁজে পাওয়া যাবে না
102	Personal Hate	সৌভিক তোর কালো পাছার দাগ টা কি গেছে??
888	Religious Hate	সময় টিভির মালিক যে হিন্দুদের বংশধর এটা সবাই জানে
398	Personal Hate	শেষেরটা কোন চুদির ভাই? 
974	Religious Hate	সানিউর কুত্তার বাচ্চা, তুর বোনেরে চুদমু তুর কান্দে ফালাইয়া, তুর মাইরে চুদমো তুর বাবার কান্দে ফালাইয়া, বান্দির বাচ্চা রেন্ডির সন্তান,
775	Political Normal	হারিয়ে গিয়ে আওয়ামিলীগ অনেক কথা বলতেছে। 
1	Personal Hate	এই গান গুলা হুইন্না আমি এখন আমি পাবনা তে আসি
779	Political Normal	২০১৮ সালের ৯ ই জুলাই ।এই সময়টাতে দাঁড়িয়ে দেখছি , সুরেন্দ্র কুমার সিনহা দেশত্যাগে বাধ্য হয়েছেন ,এবং তার বিরুদ্ধে নানা অভিযোগ এনে প্রধান বিচারপতি পদে ফিরে আসার সম্ভাবনা পুরোটাই শুণ্য ।
288	Personal Hate	গন জাগরেণ নিয়া চুইদা এইটার ভোদের রস বাহির করার দরকার
1379	Gender abusive hate	তর বুদাদিয়ে 18 ইনচি দুন ডুকালে মুকদিয়ে আর বগ বগ বের হত না মাগি 
214	Personal Hate	তোমরা নুডিরা বাংলাদেশে ঝামেলা সৃষ্টি করতে যথেষ্ট!!!!
586	Political Hate	পার্থ রহমান পুরোপুরি বি এন পির দালাল হয়ে গিয়াছে । 
750	Political Normal	পার্থ বেশি বাড়িয়ে যাচ্ছে মনে হয়।
322	Personal Hate	টয়া! তুমি কি এখনো ব্যাগে কন্ডম রাখো?
1180	Geopoitical Hate	চুরি করিলে সিন্ঘাপুর মতো হবে, চুরের দেশ
1256	Gender abusive hate	কুলাঙ্গার মহিলা
760	Political Normal	পার্থ ভাইকে তার সরাসরি স্পষ্ট কথা বলার জন্য ভাল লাগে।
128	Personal Hate	জাজ রাইতো আসল মূর্খ 
1283	Gender abusive hate	আমারে একটা ছেলে দেকে বিয়ে দাও।কারন আমার জালা সইতে পারিনা।মাগি কোথাকার। 
796	Political Normal	আওয়ামীলীগ সরকার পূলিশের মারমুখী আচরণে আমরা সবাই তাঁর তীব্র নিন্দা ধিক্কার জানাই
218	Personal Hate	তুই ২০ টাকার খানকির চেয়েও নষ্ট মাগি। 
689	Political Normal	বঙ্গবন্ধুর বিকল্প কোন নেতা বাংলাদেশে এখনো জন্মে নি। 
40	Personal Hate	শালীর কথা শুনলে গা জলে তাকে দেখে মনে হয় সে মাগি
662	Political Normal	দেশকে উন্নয়নের যে কাজটা করার দরকার ছিল, আমরা তা করেছি এবং বাংলাদেশ উন্নয়নের মহাসড়কে যাত্রা শুরু করেছে এবং এই অগ্রযাত্রা কেউ থামাতে পারবে না বলে আমি বিশ্বাস করি এবং এই দায়িত্বটা আপনাদের সকলেরও থাকল। 
852	Religious Hate	তোরা ত সব জানতা,অতই জানতা ত হিন্দু দের কেন তারাছিস,সালা মোল্লা
520	Political Hate	পাগল একটা, সালা জিয়ার গুনগান কর, 
757	Political Normal	বিশ্ব ব্যাংকের রিপোর্ট অনুযায়ী ২ কোটি ৪৪ লক্ষ মানুষ চরম দ্রারিদ্র সীমার নিচে বাস করে, তাহলে উন্নয়ন কোথায় ? 
1056	Geopoitical Hate	বাংলাদেশ স্বাধীন করার পিছনে ভারতের একটি বিষাক্ত রাজনীতি ছিল। 
749	Political Normal	দেশে এত উন্নয়ন দেশে এত কাজ তাহলে নিরপেক্ষ সরকার দিলে তাদের ভয় কেন
46	Personal Hate	টুকাই সালা এহন কোরিয়ান হেয়ার স্টাইল করতেসে
110	Personal Hate	সব,পাগল,ছাগল
1390	Gender abusive hate	বিদেশ বউ রেখে যাওয়া টিক না ও মেয়েরা পরপুরুষের সাতে আকাম করবে এই হলো মহিলাদের চরিএ 
1333	Gender abusive hate	মাগী সরম নাই সোনাটা দেখাবি মন চাইলে 
837	Religious Hate	বাংলাদেশের হিন্দুরা এখনো বেহেশতে আছে।তুই কি জানিস।
1065	Geopoitical Hate	সৌদি মাদার চোদ 
896	Religious Hate	তোমাদের ধরমে শুধু লুচ্চামি আর লুচ্চামি তোমাদের দেবীরা বিয়ের আগে সন্তানের মা হয় ছি!! 
1357	Gender abusive hate	তর তো ভাষা থিক হয় না আগে তর ভাষা থিক কর মাগি.
512	Political Hate	পার্থ্য খানকির পোলা 
403	Political Hate	আগে নিজেদের চরিত্র ঠিক করে তারপর অন্যদের সমালোচনা করুন । 
892	Religious Hate	মুসলিমদের মাথা আর গরুর মাথার মধ্যে খুব একটা পার্থক্য নেই
1226	Gender abusive hate	হেতিরে মনে চাইতেছে টিপে দেই 
1069	Geopoitical Hate	পাকি ও ইন্ডিয়ান দালাল অথবা প্রাচীন ও নব্য দালাল উভয় সমান দোষী। 
1034	Geopoitical Hate	ফইন্নি ভারতের সাথে বাংলাদেশের তুলনা মানে সোনার সাথে কাদার তুলনা
1053	Geopoitical Hate	বাঙ্গালির শরীরে ১ ফোটা রক্ত থাকতে পাকিস্তান বাংলাদেশ এক হতে পারে না। 
1043	Geopoitical Hate	মিয়ানমার দেশ মানে কুলংগার এবং ঘৃনিত দেশ। 
886	Religious Hate	হিন্দু ধর্মই একমাত্র চোদাচুদির ধর্ম 
69	Personal Hate	কুত্তার গু মার্কা প্র্যাঙ্ক কল এর ভিডিও করে
263	Personal Hate	রোবট টাইপের মাগি।
1099	Geopoitical Hate	ভারত কুত্তা ধর্ষণকারি
487	Political Hate	ওদের কে বাংলার মুসলমান মরলেও জানাজা দিবেনা ওরা মুনাফেক । 
869	Religious Hate	সব ইহুদিকে একবারে হতা করলে ভালো হতো
42	Personal Hate	সিফাত উল্লাহ এগুলো দেখাই ২য় বার হার্টফেল করবে
228	Personal Hate	এই সব পাগল ছাগল ও ইন্টারনেট এ দেখতে হয়। 
607	Political Normal	ভাঙনের প্রক্রিয়ায় আমাদের অংশ নেওয়ার কিছু নেই। 
878	Religious Hate	এগুলো কাট মোললা বলা হয় এরা কি নিজেকে মুসলিম মনে করে জাকির নাকেয় য়ের জুতা টানার মতো জগোতা হয় নাই 
135	Personal Hate	এরা স্বাভাবিক মস্তিকের মানুষ না 
535	Political Hate	কুত্তালিগের এনি একজন কুকুরের বংশধর কুকুরের বাচ্চা কুকুর
204	Personal Hate	বাঙালি না থাকলে উনি ন্যাংটা হয়ে খোলা আকাশের নিচে tot tot করতেন সম্ভবতো।
685	Political Normal	রনি তো কথা বলতে পারেনা 
316	Personal Hate	আর এই মাঘা গুলা কে? দেখতে পুরা ঝারজ সন্তানের মত .... 
1094	Geopoitical Hate	পাকিস্তান বাংলাদেশ এক থাকলে মায়ানমার বিশাল বড় বাশ খেতো
922	Religious Hate	আচ্ছা এই 72 হুরেরা কি বেশ্যাবৃত্তি করে ? 
650	Political Normal	এটাই জাতির ও জাতীয় পার্টির একমাত্র মুক্তির পথ।  
1346	Gender abusive hate	মা ছেলের চূদো চুদবে দিও।ধোনটা ধরে আস্তে আস্তে বের করতে হবে বের। 
744	Political Normal	অাওয়ামিলীগ ক্ষমতায় এসে কিছু দিক দিয়ে উন্নত হয়েছে
341	Personal Hate	তুই যে আধা লেংটা কেমরাতে আসিস তোদের জন্মের ঠিক নাই মাগি 
283	Personal Hate	মাগি তুরে কুত্তা দিয়া চুদান উচিত।
405	Political Hate	নির্বাচন কমিশন তো নিজেরাই বিভক্ত হয়ে পড়েছে । 
891	Religious Hate	বুকা.... ছেলে ভুল ভাল বচন দিস. শিবই শ্রেষ্ঠ জানিস না 
648	Political Normal	বর্তমান সংসদে যারা আছে, সব দলের সমন্বয়ে সরকার গঠন করতে হবে। 
1078	Geopoitical Hate	মায়ানমারের গুষ্টি মারব। 
828	Religious Hate	বাংলাদেশের মুসলিম লোকেরা মানুষ না সব কুকুর । 
262	Personal Hate	চোদনা এইটা বুঝি ফ্যামিলি শোও রে..
963	Religious Hate	মুসলিম নাম - ইসলাম বিরোধী শব্দ! নিঃসন্দেহে মা ছিলেন একজন বেশ্যা যিনি সঠিকভাবে শিক্ষা দিতে পারেননি
109	Personal Hate	পোলা গুলি কিচ্ছু বুঝে না ধুকাইবার আগেই কাম শেষ ফালতু কথাকার 
1254	Gender abusive hate	কোথাই গেলো মাগিরা সবাই বলে অসোহাই এটা কি এদের ভোদাই অনেক কামর এদের ভোদাই রড দিতে হবে ছি ছি ছি কি এরা 
213	Personal Hate	আসিফের বাপে ওরে একটা আবাল হিসাবে পয়দা করছে
130	Personal Hate	সিয়াম ভালো টায়া মাগি ফালতু পাশের ছেলেটা ও ভালো
934	Religious Hate	এই ইউসুফ মুল্লাটা ও ছাগল, সবকিছুই কুরান থেকে আবিষ্কার, হি হি হি 
222	Personal Hate	আবাল এইগুলোও তোর কাছে লোক হাসানো প্রশ্ন মনে হয়??
1362	Gender abusive hate	মেয়ের জাত নামের কলংক তোরা । তোরা কোন পতিতালয় থাকছঐ মাগি তোরে পাইলে তোর ফিতা আমি কাইটা খাইতাম আর কুত্তা দিয়া চোদাই তাম 
815	Religious Hate	চুদি আৱবেৱ ধমঁ!
860	Religious Hate	অবৈধ মুসলমানদের লাথ মেরে তাঁড়ানো হোক
6	Personal Hate	আসোলে তুমি নিজেই বলসিলা বাংগালি না আমরা। জাতটাই ত খারাপ
737	Political Normal	ভাউ আওয়ামী লীগ নিয়ে কমেন্ট করলে আমিও কি যুদ্ধ অপরাধী হয়ে যাব। 
978	Religious Hate	তকে হত্যা করা প্রতিটি মুসলিমের জন্যা ফরজ 
1253	Gender abusive hate	ওর গুদের মধ্য মোটা বাশ দিয়ে গূতিয়ে রক্ত বের করে দিতে হবে
384	Personal Hate	শালায় ফরিদপুরের নামটা ডুবাই দিলো,
1008	Geopoitical Hate	ইন্ডিয়ান চোরের দল 
1336	Gender abusive hate	আয় নটি মাগি তর ভুদা চুষে তকে সুখ দিব।
453	Political Hate	মাহি বর্তমান রাজনীতিতে আওয়ামী লীগের চামচামী করতেছে । 
1236	Gender abusive hate	মাগি বাজাঁরে জা টাকা পাবে বেশি করে। 
1317	Gender abusive hate	তোর সামাটাতে বাঁশদিয়া চোদা উচিত।
513	Political Hate	পার্থ্য একটা বেইশ্যা মাগীর পোলা
72	Personal Hate	তোমার বাল আমার বাল।আর কিছু কমু না।আবাল শালা
97	Personal Hate	মাদারচোদ বাঙ্গালি কালচার নষ্ট করছে,
65	Personal Hate	জংলি মুরগির বাচ্চারে একটু দেখি
1288	Gender abusive hate	এগুলা খানকি মাগি ভাই 
1366	Gender abusive hate	তোরা কি আাবাসিকে চোদা দেস.. তর ভুদা দিয়ে বাশ দিমু মাগি খানকি মাগি.. তরে হাতি দিয়ে চুদামি মাগি.. 
223	Personal Hate	ভালো কোন অনুষ্ঠানে যত সব মূর্খদের দাওয়াত করে। 
1217	Gender abusive hate	এরকম নারী কে জুতা মার 
832	Religious Hate	মুসলিমদের এই বেইমানি আর জেহাদির কারনে পৃথিবীর সমস্ত জাতি মুসলিমদের ঘৃণা করে.
432	Political Hate	সরকার এর সাথে আতাত করে ঐক্য নিয়ে চক্রান্ত তো আপনারা বাপ বেটাই করছেন মি: মাহি!
1202	Gender abusive hate	মেয়েরা বেকুবই হয় নতুন কিছু না হা হা হা
81	Personal Hate	খবিস মাইয়া মাথায় 10 তালা বিল্ডিং নিয়া গুরে.
1355	Gender abusive hate	নোয়াখালীর মাগী তরার পরোষরা সব আরব দেশ গুলোতে তাকে। আর তদের বাড়ি তাকে পাকা এই সুযোগে তরা হয়ে উটছ বাংলাদেশের সবার ছেয়ে বড় মাগী। 
113	Personal Hate	পছন্দ করার মত একটা নায়িকা ছিলো কিন্তু এখন ওরে কুত্তা দিয়া চোদাইতে মন চাইতেছে 
751	Political Normal	পার্থ কি বাংলাদেশে আইনকে কি মানে না
788	Political Normal	হত্যাকান্ডের যথাযথ বিচার হওয়া উচিত।
1087	Geopoitical Hate	একটা কথাই বলোনা পাকিস্তান হল একটা জঙ্গি বাদি দেশ
943	Religious Hate	নবি মাগি চুদার জম 
1155	Geopoitical Hate	যেই দিন বাস্টার্ড ভারত চুরি করবে না,সেই দিন ভারত কোন দিন বাংলাদেশের সাথে ম্যাচ জিতবে না
534	Political Hate	বি এন পি, দলটি পুরায় অশিখিতো শালার শালারা
141	Personal Hate	ভাই এই আলি জি-স্টার (আবাল-স্টার) রে আর কত পচাববেন
120	Personal Hate	মাদারচুদ তরে দেখলেই মেজাজ খারাপ হয়ে যায়
195	Personal Hate	চুতমারানি একটা ... ইচ্ছা হইলে পর্ণ দেখব কিন্ত ওর গান না
1259	Gender abusive hate	এসব কানকির বাচছা আর আর কানকির মাগী গো পাচায় বাশ ডুকানোর দরকার। 
442	Political Hate	আপনারা দেশকে ভালবাসেন না, আপনারা অনকে লোভি । 
890	Religious Hate	পাকিস্তানদের মতো আমাদের দেশ থাকত তাইলে হিন্দুদের সাথে ধরষন করতাম 
96	Personal Hate	স্পরশিয়ার কি পিরিয়ড চলছে নাকি? পায়ের উপ্রে লেগ তুলে বসে আছে এভাবে
245	Personal Hate	মাগী টা চুদা খায় নিয়মিত মনে হচ্ছে। 
1074	Geopoitical Hate	ভারত আমাদের চিরশত্রু
1077	Geopoitical Hate	ভারত আমাদের বন্ধু হতে পারেনা আমাদের ১নংবার দুশমন। 
626	Political Normal	যখন যাকে ইচ্ছা, তাকে নিতে পারবে এবং প্রয়োজনে যাকে ইচ্ছা তাকে বদলি করতে পারবে। 
436	Political Hate	মাহীবি একটা ভেদধব ইস্টপিট 
1363	Gender abusive hate	তুরা বাংলা দেশকে সেসকরলি বেসসারা তদের জনো পুলা পায়ন খারাপ হয় গালমারানিরিরা চুদার ইচচা থাকলে কুয়েত আয় দিকি কত চুদা খায়তে পারস 
91	Personal Hate	আচ্ছা ভাই তোমাকে কি ছিলা বাঁশ দিয়ে পিটাই ছিলো নাকি আছিলা আইমিন আইক্কাওআলা বাঁশ দিয়া পিটাইছিলো? 
568	Political Hate	তুই তো একটা দেশের কুলঙ্গার আর যারে নিয়ে তুই কথা বলছিস সে তার বাপের ও বাপ 
462	Political Hate	জামাতের এক ইউনিয়নের জা ভোট আছে তোদের বাপ বেটার সারা বাংলাদেশে সেই ভোট আছেনি
314	Personal Hate	টয়ার বোধা সব সময় খোলা থাকে । 
78	Personal Hate	শেষের টা খানকীর পোলা
1231	Gender abusive hate	খানকি তোদের জন্য বাংলার যুবগয়া আজ খায়াপ বড বড দুধ আর পাছা ঢাকের রাখ মাগি
1013	Geopoitical Hate	মাদারচুত ফকস্থানী, তোদের এই বাংলার বুকে কোনো স্থান নাই।
669	Political Normal	ঐক্য নামে দেশের ভিতরে রাষ্ট্রের চক্রান্ত করা হচ্ছে এটাই বাস্তব
802	Religious Hate	মালুরা গ মুত খেয়ে তাদের মাথার তার নষ্ট হয়ে গেচে 
570	Political Hate	শালা তুইত বড় একটা চুর 
12	Personal Hate	আমাদের দেয়ের ইউটিউবার গুলো কি পাগোল না ছাগল। এগুলোর তো পাবনাতেও জায়গা হবে না
789	Political Normal	ইতিহাসের সাক্ষি দেবে এই সরকারের রনখেত্রকে
208	Personal Hate	মাগির চিহারা দেখলে পিটাতে মন চায়
1182	Geopoitical Hate	পাকির মায়রে বাপ।
1230	Gender abusive hate	মাল টা টিক আছে চুদলে মজা ই মজা পাওয়া যাবে 
1136	Geopoitical Hate	দালাল শুয়ারের বাচ্চা গুলোকে ধরে গুলি করে মারা উচিত 
1148	Geopoitical Hate	পাকিস্তান আমার বাবার শত্রু 
799	Political Normal	রাজনিতির এই আভিনয় কত দিন দেখতে হবে। 
4	Personal Hate	বাইরে থাক আর গুঁতাগুঁতি কর।
606	Political Normal	এরশাদ সাহেব আমাদের সঙ্গে জোটগতভাবে নির্বাচন করতে পারেন, আবার না–ও করতে পারেন। 
1327	Gender abusive hate	হিরু আলমও তরে চুদবেনা।তর মা বাবা কি পতিতার বাসিন্দা?
269	Personal Hate	জামাই যদি বাচ্চা হয় তবে জামাই কে দুদু খাওয়া
231	Personal Hate	আরে হালার পোত ও মাতারি ইংলিশ মাড়াচ্ছিস ইংলিশেই মারা
640	Political Normal	সরকারকে বাধ্য করা হবে একটি নিরপেক্ষ সরকারের অধীনে নির্বাচন করতে। 
722	Political Normal	জাতি আপনার মত নেতৃত্ব চায়।
1394	Gender abusive hate	মাদক আর মাগি দেশ টা কে নষ্ট করে দিল
1303	Gender abusive hate	মদ খাবো আর তোকে চুদবো।
399	Personal Hate	প্রশ্নকর্তা এবং উত্তরদাতা সবাই আবাল। 
677	Political Normal	যারা এদেশের মাটি ও মানুষকে ভালবাসে। যারা এদেশের ভাষা ও সংস্কৃতিকে ভাল বাসে তারা আপনার পাশে আছে।
694	Political Normal	ডঃ কামাল আপনাকে হাজার সালাম কুব সুন্দর কথা শিখ্যনিয় কথা 
251	Personal Hate	দুদমারানি-দুদমারানি-দুদমারানি'। 
17	Personal Hate	দেখ চুদির ভাই শিরোনাম দিছে কি! এমনিই কি রোস্ট হয় সালারা। 
593	Political Hate	এই কুকুরের বাচ্ছা পার্থ একটা বেয়াদব, এ কে জুতা দিয়ে পিটানো দরকার, শুয়োরের বাচ্ছা । 
638	Political Normal	জাতীয় পার্টি, চরমোনাই পীর সাহেবকে অনুমতি দেওয়া হয়, বিএনপি সভা করতে চায়, কিন্তু দেওয়া হয় না।
77	Personal Hate	কিরে শালার বাচ্চা বাশের বারির বেথা কি কমে গেছে যে আবার আবলামু করতে আসছিস
1367	Gender abusive hate	এই 2ই মাগির ভুধার খাইজ উটছে সবাই চুদে দাউ 
304	Personal Hate	যত সব আবাল মানুষের বসবাস, ইউটিউব এর সেলিব্রিটি হইলেই যা মন চায় করা যায় না ভাই. লিমিট এ থাক
1250	Gender abusive hate	এ খানকি তোর গুদে কতো খিদে আমি তেকে চুবৌ
1066	Geopoitical Hate	আজকে ৫ লক্ষ পেন্ডিয়ান বাংলাদেশে রোজগার করে তোদের খাওয়াচ্ছে।
1199	Geopoitical Hate	সৌদির যুবরাজ একটা কাফেরদের থেকেও খারাপ 
882	Religious Hate	কাটমোল্লাদের তাদের ধর্ম ব্যবসায় বন্ধ হয়ে গেছে,তাই তার উপর খুব রাগ, আরে ভাই সত্য চিরন্তর, মিথ্যা সাময়িক, 
417	Political Hate	খালেদা জিয়াকে জেলে আটকে রাখবেন, আর আপনি নির্বাচন করবেন, এই নির্বাচন হবে না, মানুষ মেনে নেবে না । 
1100	Geopoitical Hate	আরে ভিকারী চুদা রা তোরা কী ভুলে গেলী জে তোদের সাধীনতা আমরা দীয়ে ছিলাম! 
1309	Gender abusive hate	কুততি তো কুততিই হবে মাগি।
1011	Geopoitical Hate	বাংলাদেশ তোদের অর্থনীতির ৫ম রেমিট্যান্স মুলুক। আর হ্যাঁ রেমিটেন্স বুঝিস তো? ফকিন্নির মুখে দৈব বচন! 
524	Political Hate	শালা মাদার ছুদ তুই একটা জারজ 
1360	Gender abusive hate	তোরা মেয়ের নামে কলংক তোদের ভোধা বিতর কতো রস অাছে তোদের কে চুদে িতপতী দিতে পারেনাই তোদের জামাই। 
813	Religious Hate	ইনড়িয়া মুসলিম রাষ্ট ছিল থাকরে-- জারা ইয়াহুদি কাফের হান্দু হয়ে গেল - তাদেরকে মোসসলমান বানাতে হবে
258	Personal Hate	আসলে তোমার তো মা ও বোন নেই,
1068	Geopoitical Hate	আর ইন্ডিয়ান টেলিভিশন তে যেসব বড়লোক  দেখায়, তারা দুই টাকার ফকির দুই লাখ পাইলে যেই অবস্থা হয় সেটা
103	Personal Hate	বাংলাদেশ টা ওদের মত কিছু লোকের জন্য দেশটাকে ডুবিয়ে গেছে
711	Political Normal	সুযোগ দেন আমরা যেন ভোট দিতে পারি 
792	Political Normal	পুলিশের এই অতি বারাবারি খুবই অন্যায়। এর জাবাবও একদিন দিতে হবে ইনশাআল্লাহ। 
483	Political Hate	এই জোট চাইনিজ মালের মতো যেকোনো সময় রং চলে যেতে পারে 
1320	Gender abusive hate	তোর মারে চুদি মাগি গরেরমাগি তোরেচুদি 
812	Religious Hate	মুসলমানদের বসতে দিলে শুতে চায় 
355	Personal Hate	এই কুত্তার বাচ্চাদের জন্য বাংলাদেশের কালচার নষ্ট হচ্ছে। 
80	Personal Hate	বাঁশ বাগানের মালিক কি চেটের বাল
1156	Geopoitical Hate	পাকিস্তান কে  ঘৃনা করি
688	Political Normal	বিএনপির সাথে ড. কামাল কৌশলগত ঐক্য করছে 
2	Personal Hate	ভাই, ছোট আজাদ, চুদনাপানা না করলেই কি না? 
1029	Geopoitical Hate	সুচির মুখে লাথি মারা উচিত 
539	Political Hate	বর্তমান সরকার কোন সরকারেই না??জারত সন্তান যে রকম, সেই রকম ও বর্তমান সরকার?? 
425	Political Hate	শালা বাপ বেটা দুজনই রাজনৈতিক এতিম । 
293	Personal Hate	দেখে মনে হচ্ছে চুরি করতে গিয়ে ধরা খাওয়ায় বাশের বাড়ি খেয়েছ।
865	Religious Hate	হিটলার একজন সত্যিকারের লোক যে ইহুদী সব শেষ করার প্রতিগ্গা করে,
126	Personal Hate	মনটায় চায়তাছে তরে পাবনার পাগলা গারদে নিয়ে চুদাই 
51	Personal Hate	আরে মিয়া ভাই মুখটা অন্তত সাবান বা ফেস ওয়াশ দিয়ে ধুয়ে আস।
1173	Geopoitical Hate	হিন্দ হয় না কারো বন্ধ। ওগো চুদবে চায়না, পাকিস্তান
1101	Geopoitical Hate	ভারত ডাকাত এর মতো কাজ করছে বাংলাদেশে
226	Personal Hate	ফালতু উপস্হাপিকা। বেশি নেকামি করে। 
1286	Gender abusive hate	এই গুলো খাঙ্কি মাগী 
381	Personal Hate	খানকি মাগির পুত সাজু পাদেন রে মহিলারা জুতার বাডি দিল না ক্যারে।
383	Personal Hate	মিডিয়ার মানুষ গুলা আস্লেই নোংরা। সারাদিন সেক্স আর সেক্স। 
372	Personal Hate	সালারা ডা.মাহফুজুর রহমানের থেকে অবাল
611	Political Normal	সবচেয়ে বড় কারণ হচ্ছে কারাগারে বন্দীর চাপ কমানো।
1315	Gender abusive hate	তোমাকে কুকুর দিয়া চোদাতে হবে মাগি।
795	Political Normal	এখন কর্মের ফল ভুগ করতেছে বি এন পি।
996	Religious Hate	মৃত্যু পর্যন্ত অপেক্ষা কর।তখন বুঝতে পারবি আস্তিক নাকি নাস্তিক।
932	Religious Hate	আবাল মার্কা হুজুর 
479	Political Hate	মাহি মার্কায় ১৫০আসন চাই । এখন বেশি করে খা 
1326	Gender abusive hate	এগুলা রাস্তার মেয়ে।
929	Religious Hate	ভড়ুয়া মাদার চোদ তুই কনে থাকিস তাই বল তোর কনো অদিকার নেই কনো ধরমো নিয়ে বদনাম করা তোর যেটা ভালো লাগে সেই ধরমো কর 
1005	Geopoitical Hate	ভারত হল দুনিয়ার সবচেয়ে বাজে  বেজন্মা দেশ! 
1027	Geopoitical Hate	ভারতীয়রা হাগু করে রাস্তা ঘাটে,আর বাংলাদেশিরা হাগু করে নির্দিষ্ট স্থানে। 
1204	Gender abusive hate	এই তোমাদের রেট কত? তোমরা কি দুজনে একসাথে আসবা?
1212	Gender abusive hate	মেয়ে দের লজ্জা নেই সে সবাই জানি 
904	Religious Hate	বাচ্চা মেয়েটার জীবন ধ্বংস করেছে মুহম্মদ যার প্রতিশোধ হিসেবে আয়েশা মুহম্মদকে বিষ খাইয়ে হত্যা করেছে
441	Political Hate	এটা হচ্ছে মাহির এবং সরকারের আরেকটা চাইল । 
538	Political Hate	গুন্ডা পান্ডা পাগল ছাগল দিয়ে দেশটা বরবাদ করে দিচে শালারা 
763	Political Normal	পার্থভাই, আমার ভোলার গর্ব 
328	Personal Hate	টয়া কে বাজে লাগে তার কিছুই ভাল লাগেনা। 
814	Religious Hate	হিন্দু বা কাফের দের সাতে হাত মিলিয়ে সারা দুনিয়াতে ফেতনা লাগায়ে নিজেরা শেষ হয়ে জাচ্ছে 
730	Political Normal	এমন নেতা আর হবেনা, 
343	Personal Hate	এই মেয়ে টাকে একটুও মায়া লাগেনা আর যে বাজে পোষাক পরেছে ছি ছি ছি
1105	Geopoitical Hate	ভারত মাগির দালাল, 
527	Political Hate	হাছিনা স্বৈরাচার মুক্ত বাংলাদেশ ছাই নিরপক্ষে নির্বাচন ছাই
741	Political Normal	আন্দালিব রহমান পার্থ আমাদের ভোলার গর্ব
1088	Geopoitical Hate	পাকিস্তান একটি সন্ত্রাসী তৈয়ারি করা এবং রফতানি করা দেশ।
14	Personal Hate	আবাসিক হোটেল নামক যেই নাটক টা করতেসিস, সেইটা দেখে মনে হয় তোদের জন্ম ওপেন রাস্তা ঘাটে হইছে। যার জন্য এমন নোংরামী করতে তোদের বিবেকে বাদে না। 
473	Political Hate	মাহিরে চুদার সময় আছে বাঙালির....
1282	Gender abusive hate	আমার তো মনে হয় তোর ভোদায় পানি গড়গড় করতেছে ছেলেদের সোনা ঢুকানোর জন্য।
630	Political Normal	সিইসি বলেন তাঁর কোনো এখতিয়ার নেই।
819	Religious Hate	শুয়োরের বাচ্চা মুসলিমরা,
13	Personal Hate	তুই কোন ভালো মানুষের বাচ্চা যে তুই অন্যের কাজ নিয়া সমালোচনা করিস।
829	Religious Hate	যদি পৃথিবী ধ্বংস হয় তবে তার কারণ হবে মুসলিম। 
1301	Gender abusive hate	ফালতু খানকি টাইপের মেয়ে। 
1308	Gender abusive hate	কাটা দিমো, তকে আমার ভালো লাগেনা আমি তর মাকে চুধ ভো, মাগি 
365	Personal Hate	শেষমেশ রাস্তাই পরে গণধোলাই খাইলি।শালা ছোট লোকের বাচ্চা। 
466	Political Hate	দালাল মাদারি,জামাতের একটা আসনের হাফ ভোটে ও পাবে না, 
801	Religious Hate	মালাউনদের এই অধপতনে আমরা খুশি 
844	Religious Hate	এই সব রকম বালের মুসলমান যেখানে বিপদ সেখানেই ।
632	Political Normal	তারা এই সরকারের পরিবর্তন চায়।
155	Personal Hate	বড় বড় সেলিব্রিটিরা তোর মতো নোংরামি করে না রে অসভ্য বেহায়া হারামজাদি সনিকা।
1179	Geopoitical Hate	কৃপণ এর শহর কলকাতা
241	Personal Hate	ভাইয়া এই সব পাগল দেরকে নিয়ে আসেন কেন। 
95	Personal Hate	ফালতু মাইয়া কি গায়ে দিছে 
1116	Geopoitical Hate	ওই শালা মনে হয় সূচি কে বিয়ে করবে তাই কিছু বলছে না হবু বউরে। 
1385	Gender abusive hate	বোকাচুদা মাগি,
1358	Gender abusive hate	নোয়াখালীর মাগী তরার পরোষরা সব আরব দেশ গুলোতে তাকে।
578	Political Hate	তুই শালা আওয়ামীলীগ দালাল 
36	Personal Hate	তুমি আবাল ছিলা আবাল আছো আর আবালই থাকবা
956	Religious Hate	এ মাঙ্গি তুই কেটা হে তোর কাছে ইসলাম শিখতে হবে আমাদের আদর্শ হযরত মোহাম্মদ (সাঃ)
824	Religious Hate	হিন্দু-বৌদ্ধ-খ্রিস্টানদের মধ্যে সমস্যা নেই I অথচ দেখতে পাওয়া যাচ্ছে, মুসলিমরাই কেবল সমস্যা সৃষ্টি করে চলেছে 
952	Religious Hate	যত সব মুর্খ নাস্তিক, ইসলামের কোন জ্ঞান নাই, এক লাইন জেনে মানসিক রোগীর মতো অনলাইন এ এসে লাফালাফি করিস।তোদের তো বিজ্ঞানের ও কোন জ্ঞান নেই। 
255	Personal Hate	লাত্তি মেরে স্টেজ থেকে বের করে দেওয়া উচিত 
203	Personal Hate	ইউটিউব নোংরা বানানোর কারিগর...
604	Political Normal	এরশাদ সাহেব তো পার্টির চেয়ারম্যান হিসেবে বক্তব্য রাখতে পারেন।
838	Religious Hate	সালা পাগল হিন্দু রা বাংলাদেশে যেভাবে শান্তিতে থাকে ভারতেও এভাবে থাকে না
897	Religious Hate	লুচ্চা ধর্ষক শিশুকামী মুহম্মদের সাথে রবীন্দ্রনাথের অনেক মিল আছে।
509	Political Hate	রনি মাদারচোদ টাইপ লোক 
919	Religious Hate	খানকির পোলা তুই একটা শুওরের বাচ্চা। আর তোর সাথে সব মালাউনের বাচ্চারা বাহাবা দেয়।
147	Personal Hate	চটি আজাদ পতিতালয়ের বাচ্চা,
478	Political Hate	মান্নাদের আসল উদ্দেশ্য ফাঁস করে দিসে নতুন প্রজন্মের মাহী চৌধুরী.. 
488	Political Hate	মাহি বাজেচৌধুরী.ফালতু লোক মাহি । 
163	Personal Hate	মাদারিচোদ কতবড বেয়াদব 
667	Political Normal	আগে জমাত ভাল ছিল । এখন কেন খারাপ হল । জাতি যান চাই । 
670	Political Normal	আবারো আমরা দেখতে পেলাম ভালো মানুষের দেশে জায়গা নাই
651	Political Normal	এ মাসের মধ্যেই জাতীয় পার্টির পার্লামেন্টারি বোর্ড গঠন হবে। প্রার্থী মনোনয়ন চূড়ান্ত করা হবে। 
835	Religious Hate	হিন্দু মানে অশান্তির ধর্ম,তারাই মুসলমানদেরকে নির্যাতিত করছে
592	Political Hate	আপনারা মামা ভাগ্নে আপনারা ঠিকই আছেন দেশের জনগণের গোয়া মারা সারা
1022	Geopoitical Hate	অারে মাধার চোদ তাকিয়ে দেখ ঐ লাল সবুজের পতাকার দিকে এখনো চিৎকার করে বলতেছে শহীদ ভাইদের কথা 
1311	Gender abusive hate	আসল মাগি।
1006	Geopoitical Hate	মিয়ারমার একটি হারামি রাষ্ট্র। পৃথিবীর মানচিত্র থেকে তাদের নাম মুচেফেলা উচিৎ। 
301	Personal Hate	এসব ফালতু দের নিয়ে এসে সেলিব্রেটি বানানোর দরকার নাই।
994	Religious Hate	তোমার মায়রে চুদি,সব নাস্তিকের মায়রে চুদি।সব নাস্তিক মাইরা শেষ করুম। 
1351	Gender abusive hate	তোমরা চোদার মাগী এখন বুজলাম।
1067	Geopoitical Hate	বোকাচোদা গেদা গেদী, চাল্লা আমি ভারত না হলে তোমাৰ স্বাধীনতা পোদেৰ মধ্য ধুইয়া গেলহৈ 
1370	Gender abusive hate	আসলে খানকি। ২ টা। ছি।ছি 
908	Religious Hate	দূর্গা মার গুদে যখন কামড় উঠতো তখন ব্যাসালয়ে গিয়ে কামড় মেটাতো
859	Religious Hate	তর মা কে চোদী শালি দেহ ব্যবসায়ী। বাংলাদেশের সব মুসলিম মেয়েরা ঘরে ঘরে ইমু সেক্স করে রোজগার করে ভাত খায়
907	Religious Hate	ব্যশ্যাস্যালয়ের মাটি ছাড়া দূর্গা মূর্তি গড়া হবেই না
875	Religious Hate	হিন্দু শোয়ামিজি খুব সুন্দর উত্তর দিয়েছে
1104	Geopoitical Hate	ইন্ডিয়ান এক এক রাজ্যের সাথে তুলনা কর দেখবি কে বেশি এগিয়ে ফালতু কোথাকার
333	Personal Hate	যারা প্রশ্ন করছেন তারাও তো গর্দভ।
52	Personal Hate	দেরকে এ্যাওয়ার্ড হিসেবে পুরাতন বদনা দেওয়া হক। 
1030	Geopoitical Hate	24 বছর একসাথে থেকে বাল ছিড়েছে এখন এক হয়ে আটি বাধবে।
1289	Gender abusive hate	খানকি মাগি তরা সমাজ টাকে নষ্ট করে ফেলতেছিস ।
456	Political Hate	মাহি শুয়োরের বাচ্ছা অটিস্টিক জয়ের এজেন্ট 
339	Personal Hate	বাল পাক্না পুলাপাইন 
252	Personal Hate	কত জন যে চুদছে মাগীর ভোদাতে, স্পর্শীয়া মাগী। 
1369	Gender abusive hate	তরা শুধু মাগি না তরা বেসসা মাগি,কাছে পাইলে আমার সোনা তর মুখের বিতর দিয়ে দিতাম।
549	Political Hate	তারেক আসলে বেয়াদব । 
1026	Geopoitical Hate	বিজিবির হুইসেল শুনে মিয়ানমারের কুতা গুলোর বুক কাপে।
1120	Geopoitical Hate	কুত্তার গলায় মুক্তোর মালা যেমন সুচির গলায় তেমন লাগে তাই ওর কাছে নোবেল পুরস্কার মানাই না 
544	Political Hate	এ মাগির পুলা তুই চুর কিসের দেশ নায়ক তুর মারে চুদল পাকিছতানিরা তুইআবার বড় বড় কথা বলিস
847	Religious Hate	ভারত কোন হিন্দুদের তাড়াচ্ছে না তাড়াচ্ছে মুসলিম জেহাদি মোল্লাদের ! 
149	Personal Hate	খানকি মরলে বুজবি।
1374	Gender abusive hate	তোর মায়ের আর তো এক সাথে গুদ মারবো খানকি 
637	Political Normal	বিএনপিকে যদি সমাবেশ করতে দেওয়া হতো, তাহলে এর চেয়ে ২০ গুণ বেশি লোক সমাগম হতো, মিছিল হতো।
781	Political Normal	আওয়ামীলীগ এর আইন সম্পাদক যে বলছে তারা বিচারপতি সিনহাকে কিছুই করবেনা, শুধু আইনের লড়াই করবে
705	Political Normal	আমারদের কে তো উঠে দাঁড়াতে হবে তা না হলে আর ৫ বছর পর আমাদের মরা মুগের সমান দাম দিবে না / তাই তো আমরা এখন যুক্ত মুক্ত ফ্রন্ট নিয়ে ব্যাস্ত।
765	Political Normal	বর্তমানে বাংলায় আপনাকে খুবই দরকার । প্রয়োজনে শহিদ হয়ে যাবেন !
457	Political Hate	মাহি বি চোধুরী, এ তো দেখি পুরাই আওয়ামী দালাল । 
395	Personal Hate	শয়তানের বাচ্চা মরিস না কেন 
159	Personal Hate	আর আসিফ তোর নুনু এই কারনেই ছোট
545	Political Hate	তুই মরলে দেশে সানতি আসবে
915	Religious Hate	ইসলামে বর্বরতা চারা আর কিছুই নয়। 
1167	Geopoitical Hate	সৌদি আরবে মানুষ খাদাম নিরজাত করে এবং তারা মুলমানদে ফখে কথা বলবেনা 
1133	Geopoitical Hate	মাদারির বাচ্চারা ভারতের দালাল 
273	Personal Hate	বাংলাদেশ তে ভাগ মাগি নাহলে তোর পাছায় লাত্থি দিয়া মায়ানমারের পাঠামু
874	Religious Hate	মালাউন কে জুতা পেটা করা হোক। 
115	Personal Hate	যে কমেন্টের রিপ্লাই দিয়া সৌভিকের চামচামি করবে,তার মাকে আমি কন্ডম ছাড়া চুদি
1215	Gender abusive hate	খানকি কে গুদে টেন ঢুকাতে হবে 
798	Political Normal	মেয়েদের নিরাপদ রাজনিতি করতেও দেয় না এই সরকার 
895	Religious Hate	৬০-৭০ বছরের মানসিক বিকারগ্রস্ত ধর্ষক মুসলমানরা ৬-৭ বছরের বাচ্চা মেয়েদের বিছানায় নিতে পাগল হয়ে থাকে।
1018	Geopoitical Hate	খানকির বাচ্চা ফাকিস্তানী ৷ 
1368	Gender abusive hate	তুরে চুদতে হলে শিবিরের পুলা লাগবে মাগি শালি রাজাকারের গোলাম 
437	Political Hate	মাহি বি চৌধুরী আওয়ামী লীগের দালাল
505	Political Hate	এটি তুই কি বুঝে শুনে বলেছিস,না মাল পানি খেয়ে বলেছিস । 
420	Political Hate	এগু লো বি এন পি র বিরু দ্ধে মা হির চক্রান্ত 
1054	Geopoitical Hate	আমরা বাংলাদেশিরাই এশিয়ার চ্যাম্পিয়ন হয়েছি চোরের বাচ্চা ভারতের মত আম্পায়রে সাহায্য নিয়া জিতি নাই 
264	Personal Hate	পরিচয়ের আগেই চুদে দিলো... 
631	Political Normal	গোটা দেশের মানুষ আজ ঐক্যবদ্ধ। 
242	Personal Hate	পয়দা হওয়ার পর যত গালী শিখছি সব ওর স্পর্শীয়ার গুদে দিয়ে দেব।
585	Political Hate	পাথ একটা বেয়াদব বাপরে আগে বালফালায়
1163	Geopoitical Hate	সব চেয়ে নিকিষ্ট খারাব পাকিস্তানিরা
471	Political Hate	তোরা নির্বাচন করলে তোমরা দুই আসনে পাবি না
1352	Gender abusive hate	তোরা ওরজিনিয়াল মাগির চেয়ে খারাপ। কুত্তায়া মনে হয় তোরা নিজেদের জালা মিটাস তাই এরো কম খারাপ কথা তোদের মুখ দিয়ে বের হয় বেসসা গোলা।
947	Religious Hate	আরে জানোয়ার তুই ইসলামকে ঘীনা করিছ তা হলে তোর নামের সাথে কেন এখন পোরজনত ইসলাম লাগানো আছে।
45	Personal Hate	মিয়া ইউটিউব এ সাবস্ক্রাইব পাও না তাই ওদের মতো মানুষ কে ব্যবহার কইরা সাবস্ক্রাইব নাও তোমরা
296	Personal Hate	এই কুত্তার বাচ্চা এটা কি ইংলিশ অনুষ্টান মাদাদর চোদ
1225	Gender abusive hate	মাইয়ারে পাইলে দুধ এর উপর ঘুম যাইতাম, আহা সেই মাল,
720	Political Normal	সামনে নির্বাচনে আপনাকে দেশে দেখতে চাই সবাই গুদ r জন্য দোয়া করবেন 
75	Personal Hate	তোরে এক্কেবারে চোরের মতো লাগতেছে
1118	Geopoitical Hate	কাংলুদের মায়ের শখ হয়েছে চীনা বারা খেতে 
979	Religious Hate	আরে শূয়োর তোর নামের শেষে রহমান, তা তুই বদলাস না কেন? ইসলাম নিয়া এত চুলকায় আর ইসলামী নাম রাখার কারনে তোর চুলাকায় না।
719	Political Normal	রিয়েল নেতা- স্যালুট জনাব তারেক রহমান। 
1240	Gender abusive hate	মাগির ভোদায় এতো জ্বালা কেন, 
1050	Geopoitical Hate	ভারতের গুদে এত ভয়, 
958	Religious Hate	খানকি মাগি। আমাদের ইসলাম ধর্ম নিয়া কোন কথা বলবি না। 
868	Religious Hate	সব ইহুদীকে মেরেফেলা উচিৎ ছিল
307	Personal Hate	খুব সুন্দর ও সেক্সি লাগছে।
660	Political Normal	এই চ্যান্সেরি ভবনটা যখন তৈরি করা হয় তখনই আমার নির্দেশনা ছিল, এখানে যাঁরা সেবা নিতে আসবেন সেদিকে লক্ষ্য রেখে বন্দোবস্ত রাখার। 
867	Religious Hate	এই পৃথিবীতে একটা মহাপাপ ধর্ম আঁছে তার নাম হলো আব্রাহামিক ধর্ম
280	Personal Hate	তারউপর এটা কেমন টাইটেল দিছস তোর ভিডিওর?
982	Religious Hate	আগে নাম বদলায়া একটা নাস্তিক নাম রাখ।তোর বাবা মার কপাল খারাপ তোর মতন শুয়োরের জন্ম দিসে।
938	Religious Hate	মুহম্মদ দুনিয়াতেই মাগিবাজি লম্পটগিরি করল তার উন্মত জন্নতে মাগীবাজি করবে।
334	Personal Hate	টয়া একটা ফালতু মেয়ে,...... 
661	Political Normal	দেশের ডিজিটালাইজেশনের সুফল এখন প্রত্যন্ত অঞ্চলের জনগণের মতো প্রবাসীরাও পাচ্ছেন। 
615	Political Normal	ব্যান্ড সংগীতকে আইয়ুব বাচ্চু এক অনন্য পর্যায়ে নিয়ে গেছেন।
1364	Gender abusive hate	তুই আসলে মাগিরে চুতমারানি 
916	Religious Hate	মুস্লিমগুলা হলো শুয়োরের বাচ্চা,
772	Political Normal	পার্থ কে প্রধানমন্ত্রী চাই। সে অসাধারন 
1328	Gender abusive hate	টোর ভোদাতে সিল মারবো।
500	Political Hate	জামায়াতের একটা কর্মীর জ্ঞান নাই যার মধ্যে সে নাকি বি এন পিকে জামায়াত ত্যাগ করতে বলে । 
244	Personal Hate	ছিছিছি এই মেয়েটা এত নোংরা ভাপ্তেও পারিনা।
1244	Gender abusive hate	মাগির দালালের বাচছা মাগি 
612	Political Normal	বিচারাধীন মামলার এসব আসামির মুক্তির উদ্যোগ নেওয়া হয়েছে। 
352	Personal Hate	ফালতু চেহারা, ফালতু বয়ান। 
746	Political Normal	আন্দালিব রহমান পার্থ বাংলার বারুদ 
766	Political Normal	আমার বাবা মা আমার আদর্শ, আমার দেশের জনগণ আমার রাজনৈতিক শক্তি। তারেক জিয়া। 
576	Political Hate	ভাই কুত্তালিগের দালালি ছারেন সত্তকে প্রকাশ করেন জাতির জনক হল জিয়াউর রহমান 
454	Political Hate	মাহী তুই মাগীর ছেলে জারজ 
972	Religious Hate	তোদের মত নাস্তিকের বাচ্চার জন্য মুসলমানদের আজকের বদনাম 
683	Political Normal	পার্থ ভাই, আমি যতটুকু বুঝি তাতে মনে কি যে, আপনার কথায় অনেক যুক্তি আছে। 
153	Personal Hate	ইজ্জত আর রাখলি না খানকির পয়দা 
830	Religious Hate	কাংলাদেশের মুসলিম দম আছে তো ভারতে করে দেখা , তোদের গাড় ফাটিয়ে দেব। 
413	Political Hate	সকালে একটা বলেন, বিকেলে আরেকটা বলেন ।  
63	Personal Hate	সব বলদের বলদা মার্কা প্রশ্ন।
1081	Geopoitical Hate	এই খানকি ভারত বাংলাদেশ কে দান করেছ। পাকিস্তান আতঙ্কবাদী দেশ 
921	Religious Hate	খানকির পোলা চারালের বাচ্চারা নিজেগো চোদাইন্না ধর্ম রে আগে চিন ঠিক মত। 
281	Personal Hate	যারা বিচারক তারাই ছাগল তা যারা প্রতিযোগিতা তাদের কি অবস্থা হবে
430	Political Hate	এই বি মাহি মার্কা লোকের কোন দরকার নাই । । । 
740	Political Normal	আন্দালিব রহমান পার্থ খুব বুদ্ধিমান একটা লোক , তার সংলাপ সত্যি অসাধারণ .
475	Political Hate	সামনে জুতা পেটা অপেক্ষা করতেছে মাহি । 
804	Religious Hate	হযরত গৌতম বৌদ্ধ ? হা হা হা হা হা !! তুরা কি গরু না ছাগল রে কাদিয়ানীর বাচ্চারা !!
977	Religious Hate	খানকির পোলা,হিন্দুদের ধর্মের প্রতি দরদ নাই, ,মুসলমানের আছে তুই ধর্মের কি বুজস, 
1162	Geopoitical Hate	পাকিস্তানের বড় বড় বোদা আছে সে বোদা দিয়ে পাকিস্তানের মাওবাদী সন্ত্রাসী হয় 
704	Political Normal	ডঃ কামাল হোসেন এখন দেখতেছে জোট হইলো না 
672	Political Normal	রনি ভাই আসলে এবাভে তেল মারলে হবে না 
125	Personal Hate	ওকে প্রশ্ন করা উচিৎ চিলো,এই অডিসনে এই পজিসনে পোচাতে কয় টা খাটে রাত কাটাতে হয়েছে।
839	Religious Hate	বাঙালি হিন্দুরাই ভীতু চোদা তাই নুনু কাঁটা পিসলামিক শুয়োরগুলো ওদের অত্যাচার করে.
727	Political Normal	জিয়া জাতির নেতা।আমার কাছে একমাএ জিয়াই নেতা।
1375	Gender abusive hate	তোরা আসলেই মাগি, তাইতো তোরা পরিচয় দিলি,
197	Personal Hate	বুকের দুই পাশে দুই টুকরো ছিড়ে ফেললে আরও সুন্দর ও সেক্সি লাগত। 
1247	Gender abusive hate	মাগি ও মাগিরে তুই অপরাধীরে 
1354	Gender abusive hate	তোরা দুই জনে অাসলে মাগি। কেমনে তুলনা করলি মারে মাগির সাথে। চুদির মাগি...... 
61	Personal Hate	বাল গুনে ছেড়ে দিলেও ম্যাগাজিন অনুষ্ঠান। 
1258	Gender abusive hate	এরা মানুস নামের কল্নক মাগি স্বামি যত খারাপ হয় না কেন তাঁর পায়ের নিচে তুর বেহেস্ত 
286	Personal Hate	তুই শালায় এই ডি কি লাগাইছোস
1184	Geopoitical Hate	পাকিস্তান কে বিশ্ব ম্যপ থেকে মুছে দেবো নিশ্চয় জয় হিন্দুস্থান 
494	Political Hate	তোমরা কোন দেশে থাকো,কথা কথা ষড়যন্ত্র খুজো,কি বাল আছে তোমার দেশে 
556	Political Hate	হাইরে পাকিস্তানের বিজ একটু সম্মান দিয়া কথা বল, তর মা পাকিস্তানের দাশিকে নিজের মেমে বলে পরিচয় দিছিলো
885	Religious Hate	এইসব কাটমোললারে জুতা মারলেও লজ্জা হবেনা।
999	Religious Hate	তোরা নিজেদের চরকায় তেল দে। তোর মতো ছুচো বা চিকা একটা মলের কিট শান্তির( ইসলামের) কথা না বললেও চলবে।
310	Personal Hate	টয়ার কেরিয়ারকে দেখতে চাই কনডোমের মাদদোমে 
1334	Gender abusive hate	তোরে হাতের কাছে পাইলে জুতা দিয়ে পিটাইতাম বেয়াদব মেয়ে।
553	Political Hate	শালা শুয়োরের বাচ্চার অবস্থা দেখ, খানকির পুত জারজ সন্তান, তর মা ধর্ষিতা ও মূর্খ তুই ও মূর্খ বেয়াদবের বাচ্চা বেয়াদব । 
937	Religious Hate	তেতুল হুজুর বৌয়ের যোনি চুসে বুঝলো যে টক।
1224	Gender abusive hate	এই ডির বোদার মদেদ বর কালা বেগুন দিয়া এক বার ডুকান জেত আরেক বা বাহির করন জেত তখন এই ডি ঠানডা হলো নে
1220	Gender abusive hate	এই সব মহিলা দের কে ছবি তুলে ইচ্ছে মতো মরিচ লাগিয়ে দেন যাইগা মতো পুলিশ ভায়েরা 
183	Personal Hate	ওই কুকুরের বাচ্চা মেয়ে দেখলে দন খারা হয়ে যাই নাকি সালার 
1172	Geopoitical Hate	ফহিন্নি কলকাতার মানুষ
30	Personal Hate	ইসব রেপাররা গঞ্জিকা শেবন করে গান গাই তাই এই অবস্থা।
392	Personal Hate	সালিরা মিস ওয়ার্ল্ড আইছে নাকি গাজাখুরী কথা বলতে আইসে
274	Personal Hate	শালারপুতরা বললে বাংলাই বল খিচুড়ি বলিস না। 
988	Religious Hate	তুই নাস্তিক হবি হিন্দু হবি খৃষ্টান কিনবা মুসলিম এটা তোর ব্যক্তি গত ব্যপার
1241	Gender abusive hate	মাল ঠিক আছে খেলে আরাম পাওয়া যাবে সেক্সে পুরা শরীরটা ভরা
1338	Gender abusive hate	ভোদাটা কি ঠোটের মতো সুন্দর।
854	Religious Hate	আই দেখিয়ে দেব এবার ।মুসলিম দের কে এবার জবাই করবো।জয় শ্ৰী রা
240	Personal Hate	তুই একটা মাগির পোলা 
981	Religious Hate	তুই তো টাকার কাছে তোর ধম বিক্রি করছ ত তুই তো মানুষ নামের জানোয়ার হারে নাস্তিক আল্লা র খমা চা 
973	Religious Hate	মুসলমানের খাবি মুসলমানের পোরবি ইহুদী-খ্রিষ্টানদের দালালি করবি 
86	Personal Hate	কোরবানির হাটে বারি খেয়ে। বালের কনটেন্ট বানায়। হিজরায় 
1270	Gender abusive hate	মাগিই তো মাগিই হয় 
1281	Gender abusive hate	আরে নডি মাগির জাত লাইভে এসে ছেলেকে ভালো করো ভরে দিতে পারেন নাই বলে চলে গেছে।
504	Political Hate	কিরে রনি,তুই কি মাহির ও ছাত্র হওয়ার যোগ্যতা রাখিস না?
1095	Geopoitical Hate	ভারত বাংলাদেশ ত্রখি 
901	Religious Hate	গল্পের রাম-কৃষ্ণের সাথে কি বাস্তবের নরপিশাচ মুহম্মদের তুলনা হয়?
1072	Geopoitical Hate	হিজ্রা একটা দেশ। সূচি একটা হিজ্রা মাগী 
502	Political Hate	দেশের মানুষ একদলের শাসনে অতিষ্ট হয়ে গেছে আর বেশ্যের ছেলে ব্যবসা ঠিক রাখার জন্যি সরকারের সাথে আতাত করে হিয়ালী চুদাচ্ছে 
438	Political Hate	মাহী তুই একটা হাইওয়ান 
279	Personal Hate	ব্রা বলে? হা হা হা শালা লুচ্চা
64	Personal Hate	শালা বাঞ্চত বালের ভিডিও বানাস।
1252	Gender abusive hate	এই খানকি তুই একটা বাসটেট 
617	Political Normal	মাদকমুক্ত সমাজ ও নারীর প্রতি সহিংসতা রোধে তিনি ছিলেন একজন বলিষ্ঠ সংগীত যোদ্ধা। 
540	Political Hate	শেখ মুজিব না থাকলে, দেশ স্বাধীন না হলে জিয়া তোর মা আর তোর মত কুত্তারে স্বীকার করত না
1144	Geopoitical Hate	পাকির দালল গুলারে জুতা মারা উচিত
1297	Gender abusive hate	খানকিরা আল্লহর ভয় নাই 
536	Political Hate	হালারা সব মাতাল সমাজটাকে নষ্ট করে পেলছে । 
1340	Gender abusive hate	আপু ভুূদা চুইতে কী হয় 
647	Political Normal	তবে দেশের স্বার্থে নতুন মেরুকরণ হতে পারে। 
246	Personal Hate	"আপনার নাম যে কেন সবাই ""চটি আজাদ"" রেখেছে, তা আজ বুঝলাম। "
1261	Gender abusive hate	ওর বুদায় এসিট ঠেলে দেও 
111	Personal Hate	বিয়ে তো করছে এক মক্কল বেডারে যেন বাইরে বাইরে ইত্রামি করতে পারে।
551	Political Hate	এই হবে গদফাদার সন্ত্রাসি ক্রিমিনাল যার কথা আর বডিলেংগুয়েজ দেখলে বুঝা যাবে ভবিষতে কত বড় ক্রিমিনাল হবে । 
22	Personal Hate	সব গুলো আজাইরা ভিডিও এক সাথে করে নিজে ফায়দা লুটে নিলেন।
658	Political Normal	আমাদের নিজস্ব দূতাবাস ভবনটি আজকে উদ্বোধনের সময় আমার বারবারই মনে পড়ছিল আজ যদি জাতির পিতা বেঁচে থাকতেন তাহলে বহু আগেই বাংলাদেশ বিশ্বে একটি মর্যাদার আসনে অধিষ্ঠিত হতো। 
1209	Gender abusive hate	তোর মায়ে কি ইংলিশ চোদা নাকিরে!
1361	Gender abusive hate	তরে আমি শুদু একবার চুদমি মাগি আমার 
676	Political Normal	রনি ভাই আপনার সাথে এদেশের লক্ষ কোটি প্রগতি শীল মানুষ আছে। 
349	Personal Hate	টয়া খানকির পোশাকটা খুলে ফেললে ভালো হতো
271	Personal Hate	মাগীরে দেখলেই মেজাজ খারাপ হয়ে যায় 
59	Personal Hate	আর কি বালের তামাশা কল এই গুলা। 
311	Personal Hate	টয়া দ্যা খানকি মাগী ইন বিডি
809	Religious Hate	শিব একটা ধর্ষক ছিল, সে ৬০ হাজার কুমারী মেয়েকে ধর্ষণ করেছিল, তাই শিব লিঙ্গ ধর্ষণের প্রতীক।
602	Political Normal	জনগণের সঙ্গে কোনো সম্পৃক্ততা নেই বলেই বিদেশিদের নিয়ে ঐক্যফ্রন্ট বসেছে।
1089	Geopoitical Hate	ভারত কে বিশাস করা যায় না। কারণ ভারত সুবিধা বাদী। 
995	Religious Hate	শালা নাম্তিকদের হত্যা করা আমাদের দায়িত্ব ও কর্তব্য.
992	Religious Hate	তুই তো এক নাফর্মান শয়তানের ভাই 
887	Religious Hate	আমার ধনেরা সার্বজনীন চোদাও,
26	Personal Hate	ওদের হোগায় বরিশাল এর আ ছোলা বাশ দেয়া হোক
224	Personal Hate	সব গান গঞ্জিকা খাইয়া গাইছে হ্লা আবাল চুদারা
1139	Geopoitical Hate	মালাউনকা বাচ্চা কাভি নেহি আচ্ছা 
1014	Geopoitical Hate	রেন্ডিয়ার দালালরা যতদিন থাকবে এদেশে ততদিন সাধারন মানুষে শান্তি হবেনা। 
445	Political Hate	মাহি কোন চেটের বাল মেম্বার হোওআর জুগগোতা আসেনি সাউআর পুতের 
1047	Geopoitical Hate	আমরা ইরাক না আর আফগানিস্তান না। আমাদের দিকে চোখ দিলে চোখ দুটো তুলে শালা ট্রাম্প
336	Personal Hate	সুদখোর তোদের একরাত চুদে ৫ লাখ টাকা দেবে তা তো কমই দেয়.
649	Political Normal	এরশাদ বলেন, নতুন করে ১৮ দফা প্রণয়ন করেছি।  
309	Personal Hate	টয়া মাগী ফালতু 
144	Personal Hate	মাগি আল্লাহ ওর নাম নিস কেন এই নস্টা মুখে 
406	Political Hate	ইসি এই দায়িত্ব পালন করতে পারে না । 
1146	Geopoitical Hate	পাকিশতানি ৮০% লোক পসুর তেকে আধম
671	Political Normal	যতটুকু বুঝা গেলো আসলে মাহী সাহেব নিজেই চক্রান্তের স্বীকার হয়েগেছে 
708	Political Normal	জনগনকে নিয়ে সবাই রাজনীতি করে কিন্ত জনগনের অধিকার কথার মধ্যে সীমাবদ্ধ থাকে।
1388	Gender abusive hate	মাগি মা তো লাইফে আসেনা মাগি না হলে লাইফে কন 
108	Personal Hate	আসিফ হারামিরে দেখলে মাথা গরম হইয়া যায়...
374	Personal Hate	সাজু খাদেম আসলেই একটা বেয়াদব।
19	Personal Hate	মেধাহীন আবাল আর দেখতে চাই না। 
1140	Geopoitical Hate	ধোনবাদ সব পাকিস্তানি তের ওরা আমাদের ভাই 
778	Political Normal	প্রভু মনে করে বিচারপতি নিয়োগ দিয়েছিলাম এখন তিনি ভুতে পরিনত হয়েছেন।(যুবলীগ সভাপতি) 
344	Personal Hate	হুর চুরের ঘরের চুর, তোর চেহারা দেখলেই চুর চুর লাগে
1137	Geopoitical Hate	মায়ানমারের বাইঞ্চুদের মনে হয় এক একটারে পায়ের নিচে দিয়া পিষ্যা ফালাই 
1055	Geopoitical Hate	ত্রিশ লক্ষ মা বোনকে হত্যা করে,এখন ভাই ভাই চুদাইতেছে খানকির পোলা। 
1382	Gender abusive hate	মাগিরে কুত্তা দিয়ে চুদি।
646	Political Normal	আমরা জোটগতভাবে ৩০০ আসনে নির্বাচনের প্রস্তুতি গ্রহণ করছি।
450	Political Hate	মাহি বি চৌধুরী জাতীয় বেইমান, 
104	Personal Hate	বাঁশ কিন্তু তোমার জন্য রেডি আছে, শুধু তোমারে আবার বাডে পাইয়া লই. কুত্তার বাচ্চা। 
447	Political Hate	চাগল দিয়ে যেমন হালচাষ হয় না এদেরকে দিয়ে কখনোও দেশ চলবেনা 
734	Political Normal	আমি প্রধানমন্ত্রীত্ব চাই না,আমরা এদেশের মানুষের মুক্তি চাই। 
552	Political Hate	তারেকের মোখের ভাষা ঠিক নাই একটা সন্ত্রাসীর খুনির চাঁদা বাজ দের গটপাদার । 
1325	Gender abusive hate	তোদের মত খানকির জন্য সমাজ টা শেষ।
1124	Geopoitical Hate	খানকিৱ পোলা ৱা শিক্ষা দীঘা কিছু নাই বলে কনডম ব্যবহার করলো না!
5	Personal Hate	ইংলিশ এ মিয়া খলিফা গাঁজা টানে আর বাঙালিরারা টানলেই দোষ ধইরা ফেল্লা
335	Personal Hate	মাগি একটা সোজা কথায়
873	Religious Hate	হিন্দু ধর্ম তো এইটাই জানে না যে প্রিথিবি গোল
525	Political Hate	অত্যাচারের সীমানা ছাড়িয়ে গেছে আওয়ামীলীগ পতন হতেই হবে উপায় নাই । 
209	Personal Hate	মাদারচোদ। হেটার পাছায় ভইরা দিমু। 
169	Personal Hate	অন্যের বাচ্চা ঘারেনিছে,তাও আবার জারজ 
198	Personal Hate	রাস্তার মেয়ে...পতিতার চেয়ে খারাফ।
342	Personal Hate	মাগি তোর এই সব জামা কাপর করতে হলে। বিদেশ যা। নাহলে পতিতালয়ে যা। 
230	Personal Hate	মিস মূর্খ বাংলাদেশ প্রতিযোগিতা । 
753	Political Normal	এটা কি সরকার দেখছেনা,তাকে ও বিচারে আওয়তায় আনা দরকার 
668	Political Normal	সরি মাহি বি চৌধুরী সত্য কথা বলেছেন
925	Religious Hate	মুসলিম শুধু গালি দিতে পারে, মারামারি কাটাকাটি করে, 
423	Political Hate	দুই জাতীয় বেঈমানকে বের করে দেয়ার পর চুলকানী শুরু হয়েছে । 
946	Religious Hate	আরে দূর হো চুত্মারানির পূত - মালাউনের দুর্গন্ধময় অপবিত্র বীর্যের জারজ সন্তান।
848	Religious Hate	তোর বাড়িতে অপরিচিত মুসলিম ঢুকে পড়লে তুই কি করবি মোদী শেটাই করচ্ছে!
517	Political Hate	কামাল সাহেব তো বুরা হয়ে গেছে ঠিক মত কথা বলতে পারেনা সে কি করে দেশ চালাবে । । বুজিনা । । 
0	Personal Hate	এদের কারনে এলিয়েনরা পৃথিবীতে বেড়াতে আসে না।
1108	Geopoitical Hate	এই খানকির ছেলেরা আবার তো হারলি। বাঘ আবারো নেরি কুততা হয়ে গেলো। কুকুর আবার বাঘ সাজতে যায়। 
1048	Geopoitical Hate	টয়লেট বানিয়ে আগে নিজেদের সমস্যা সমাধান করুক ভারত। 
1147	Geopoitical Hate	মিয়ানমার বাংলাদেশের সেনাদের নাম শুনলে প্রস্রাব করেদেয়
587	Political Hate	আওয়ামিলিগ খুনি গুম দরষন কারি । 
557	Political Hate	পোংগা মজিব দেশ সাধীন চায় না বাইনচোদ ছেয়েচে খমতা মজির হলো বাংলার বড় রাজাকা 
724	Political Normal	জাতির পিতামহ জিয়াউর রহমানের আদর্শে বিশ্বাসী দেশবাসী 
967	Religious Hate	ও হিনদু রা এই জারোজ টাকে নিজেদের বোনধু মোনে কোরো না কারোন ও গেছে হিনদুদের কোচি কোচি মেয়েদের পুজো কোরতে
275	Personal Hate	তোমাদের এ শো থেকে জেচিকা শনাম নের চটি দেখা অনেক ভাল 
659	Political Normal	৯৬ সালে সরকার গঠনের পরই বিশ্বের বিভিন্ন দেশে দূতাবাস স্থাপনে তাঁর সরকার কাজ শুরু করে এবং ওয়াশিংটন ও দিল্লিতে ভবন স্থাপন করলেও অস্ট্রেলিয়াসহ অন্যান্য দেশে এই কাজ পরবর্তী বিএনপি-জামায়াত সরকার বন্ধ করে দেয়। 
56	Personal Hate	আমার হেডার তামাশা কল
1378	Gender abusive hate	তরে যদি পাইতাম তরে বাইগন দিয়ে সুদাতাম
953	Religious Hate	লোপা রহমান আমিও ২বছর আগে ইসলামের চু চু চু করে দিছি চালিয়ে যান একদিন এবং সবার আগে ইসলাম চু চু হবেই 
426	Political Hate	মাহি বি দুই বাব বেটা মিলে ১টা আসন পাবেনা,তার আবার বড় বড় কথা,
603	Political Normal	ঐক্যফ্রন্ট গঠন করে তারা প্রথমেই বিদেশিদের কাছে  গেছে, দেশের জনগণের কাছে তো যায়নি।
718	Political Normal	তারেক রহমান আগামিতে আমরা তোমাকে রাস্ট্রপ্রধান দেখতে চাই 
928	Religious Hate	হাঃ হাঃ হাঃ সব মুসলমান তোর মতো গাধা হয়ে জাবে তাই ভাবছিস বুঝি || নাস্তিক থেকে কুকুর ভালো 
764	Political Normal	পার্থ ভাই বেস্ট পলিটিকাল 
229	Personal Hate	খাচ্চর মানুষ গুলার খাচ্চর মার্কা কথাবার্তা।
567	Political Hate	তোর মা পাকিস্তানের সেনাবাহিনীর সঙ্গে বসবাস করত শেখ মুজিবর তোর মাকে তোর বাপের হাতে ফিরে দিয়েছে এটা কি তোমার জানার কথা নয়????
680	Political Normal	সুষ্ঠ ভাবে সকল জনগণকে ভোট দেবার ব্যবস্থা করতে চাইলে অবস্বই সকল দল মতে উদ্ধে উঠে ডিজিটাল বা অনলাইন ভোটের ব্যবস্থা করতে হবে।
693	Political Normal	একটা হলো শেখ হাসিনার আওয়ামীলীগ আর একটা হলো বঙ্গবন্ধুর আদর্শের ডঃ কামালের আওয়ামীলীগ!
1296	Gender abusive hate	পতিতা বৃত্তি ছেড়ে বিয়া করে সংসারী হও নয় তো জাহান্নামি 
29	Personal Hate	সিয়াম একটা পাডার পো পাডা,
909	Religious Hate	একবার দূর্গা মার গুদে প্রচন্ড চুলকোতে আরম্ভ হল ব্যসালয়ে সেই সময়ে কোনো পুরুষ সিলোনা অগত্যা দূর্গা মা কি করি করি বলে চিল্লাতে আরম্ব করল,
1183	Geopoitical Hate	পাকিস্তান আমার বাল 
256	Personal Hate	বোকা চোদা বাইঞ্চদ সৌভিক কাইল্লা 
386	Personal Hate	শামিম এর এক্টিং বডিল্যাংগুয়েজ নির্ভর।ভাড়ামী মাত্রাতিরিক্ত
1287	Gender abusive hate	বেইশ্যার জন্মের ফসল মাগি। 
295	Personal Hate	বান্দির পুতকেতো দেখতে ফকিন্নি লাগে।বস্তির পুলা,শালা টুকাই। 
446	Political Hate	মাহি যে ব্যক্তি একটা মেম্বার হওয়ার যোগ্য না বেটা বেশি পটর পটর করে 
1190	Geopoitical Hate	ভারত না থাকলে তোরা এত দিন পাকিস্তান থাকতি। তাই বলি ভারতকে গুরু ভাব। 
600	Political Normal	ঐক্যফ্রন্টের নেতারা সিলেটে মাজার জিয়ারত করতে যেতে পারেন।
278	Personal Hate	কিরে ভোদায় কি জল এসে পড়ছে নাকি ভিজে গেছে বলতেছস??
439	Political Hate	এগুলি সব এডেটিং করেছে মাদার চুদের সরকারের দালাল রা । !
957	Religious Hate	শালী নাস্তিকের বাচ্চা তুই ভালো-মন্দ কি বুঝিস রে 
849	Religious Hate	সমস্ত হিন্দু NRC এর সমর্থনে ঝাপিয়ে পড়ুন ! ওই ধংশো কারি মুসলিম দের তাড়াতেই হবে !
289	Personal Hate	আরে তুই তো বাজারের মেয়ে থেকেও খারাপ। 
1114	Geopoitical Hate	এবার কাশ্মীর নিয়ে বাড়াবাড়ি করলে লাথি মেরে চার টুকরা করলে তবেই শিক্ষা হবে। 
318	Personal Hate	এটা নোয়াখালীর মাগী, কডোম টয়া
784	Political Normal	স্বাধীন এই দেশে এখনো এর সঠিক বিচার হয়নি। আল্লাহ যদি থেকে থাকে ৪৫০ জন সেনা বাহিনী হত্যার বিচার হবে এই বাংলায় ইনশাআল্লা
645	Political Normal	বর্তমান সংবিধান অনুযায়ী মানা সম্ভব নয়। এ অবস্থার মধ্যে আগামী দিনগুলো স্বচ্ছ দিন বলে মনে হয় না আমার।
137	Personal Hate	এই শুয়োরছানা বাংলাদেশে কার চোদা খাওয়ার জন্য পড়ে আছে ? 
1298	Gender abusive hate	এদের মতন বেশ্যা মাগিদের জন্য সমাজে এত নুংরামী হয় 
591	Political Hate	পার্থ হচ্ছে একজন চোরের ছেলে চোর । 
292	Personal Hate	ছোট আজাদের মরিচ আসলেই ছোট।
990	Religious Hate	আমি মনে করেছি হিনদু রা পুটকি মারছে? 
1111	Geopoitical Hate	ভারতকে বন্ধু ভাবার চেয়ে পাকিস্তানকে বন্ধু ভাবো 
514	Political Hate	কথা গুলো দুদু মাদারচুদেরে সুনান 
709	Political Normal	এবার এ দেশের জনগন আপনাদের কথার বাস্তবায়ন দখতে চায়। 
249	Personal Hate	খানকির পুতেরা। কুত্তা দিয়া পুন্দামু মাংগের পোলা 
1127	Geopoitical Hate	মাছুদা দেশ বারমা 
572	Political Hate	বোকা চোদা আওয়ামীলীগ শিখিত নয় বি এন পি জাতির কাছে শিক্ষিত । 
1264	Gender abusive hate	এই মাগির ফুন্দে মরিছ দেও এবং কুফিয়ে মারো 
1070	Geopoitical Hate	ব্রিটিশ আমার দাদার শত্রু 
68	Personal Hate	বাশডলা খেয়ে বলে আমি কি করছি, আমি কি করছি।,আবুইল্লা হালা 
827	Religious Hate	খুব তাড়াতাড়ি মুসলিম ধংশো হবেই
558	Political Hate	কুলাঙ্গার, ইতর,অজ্ঞ, ইতিহাসবিকৃতিকারী এই তারেক । 
1206	Gender abusive hate	২টার চেহারা দেইখা আমার বাসার কাজের বুয়ার কথা মনে পড়ল
699	Political Normal	এর চাইতে লীগের সাথে ঐক্য করলে ভালো হত।
134	Personal Hate	আল্লাহ, আসিফের নুনু তুমি আরো ছোট কইরা দাও এইসব মাগীদের ইন্টারভিউ নেয়ার জন্য! 
1210	Gender abusive hate	নাছিরের ধন অনেক বড় তাই মেয়েটা পাগল হয়ে গেছে
1164	Geopoitical Hate	পাকিস্থান আঙ্তাবাদী দেশ
913	Religious Hate	দূর্গা মা কে তখন সেই মুসলি আলী জোরে জোরে চুদতে লাগলো
1103	Geopoitical Hate	ভারত নিজেরাই খাইতে পায়না আমাদের দেশে বিনিওগ কি করবে
1302	Gender abusive hate	মাগির ভুদায় অনেক চুরকানি কুত্তা দিয়ে চুদতে হবে। 
614	Political Normal	জনগণ ভাববে সরকার রাজনৈতিক বা অন্যায় উদ্দেশ্যে এসব করছে।
533	Political Hate	জারজ মানেই বিএনপি
87	Personal Hate	কিরে তুই কি পাবলিকের কমেন্ট পড়স না,তোরে তো কেউ দেখতেই পারে না,
1091	Geopoitical Hate	আমার যদি খোমোতা থাকত ভারত নামের রাস্ট্র টা মুছে ফেলতাম প্রিথিবী থেকে 
515	Political Hate	বি ন পি র পাগলদের এবার বুদ্ধি হবে
851	Religious Hate	বাংলাদেশ থেকে হিন্দুদের তাড়িয়ে দেওয়ার পরিণাম এটা 
145	Personal Hate	আল্লাহই জানে এইডা ওই বলদ হাজব্যান্ডের বাচ্ছা কি না অন্য কারোর.
243	Personal Hate	ছোটা আজাদ আর স্পর্শিয়া দুইটারেই কাঁটা জিগারের চেলি দিয়া বাইড়ানি দরকার!
416	Political Hate	সিইসির এখতিয়ারটা কী? আওয়ামী লীগকে ক্ষমতায় বসিয়ে দেওয়া তাঁর (সিইসি) এখতিয়ার?
270	Personal Hate	এদের আসলে মানসিক বৈকল্য ঘটেছে। 
641	Political Normal	রাষ্ট্র ক্ষমতায় গেলে সাত দিনের মধ্যে সম্প্রচার আইন ও ডিজিটাল নিরাপত্তা আইন বাতিল করবে বিএনপি।
364	Personal Hate	ছেলেগুলাও এক নাম্বারের ফাজিল উপস্থাপক 
428	Political Hate	মাহির কারনে তার বাপের এইদশা
1262	Gender abusive hate	এই শালিকে একন ভাল করে চুদাতে হবে পা কাদে নিয়ে খানকি, 
37	Personal Hate	দেশের মানুষ এই সব খবিশ দের সহ্য করে কিভাবে বুঝিনা ।
236	Personal Hate	গলা শুনলে মনে হয় মুখে ধোন ভইরা রাখসে। 
579	Political Hate	এসব মহিলার রাজনিতির নামে নিজেগ দেহ বিলাবার জন রাসতায় নামে বেসরমা 
284	Personal Hate	ভাইব্রাদার এখন সফটপর্ণের চ্যানেল হইছে।
817	Religious Hate	হিন্দুকে কুতার মুতুন চুদছি 
618	Political Normal	স্বাধীনতাবিরোধী শক্তি বারবার দেশের গণতান্ত্রিক অগ্রগতি ও উন্নয়ন ব্যাহত করার চেষ্টা চালাচ্ছে।
106	Personal Hate	এই সৌভিক কাউয়া চুদা ছাড়া কি অন্য কোনো আর্টিস্ট নেই?
883	Religious Hate	কাঠমোল্লা জাকের নাইকের জুতার সমান মুল্য তোর নাই। 
1083	Geopoitical Hate	ভারত কখনো আমার বন্ধু হতে পারেনা
748	Political Normal	তারা মানুষের প্রতি এতই আস্থা রাখে জনগণ তাদের সাথেই আছে তাহলে নিরপক্ষ নির্বাচন দিলে তাদের এত ভয় কেন 
759	Political Normal	হা-হা-হা- বেচারা আন্দালিব রহমান পার্থ'র সামনে একেবারে লেজে গোবরে অবস্থা!
482	Political Hate	মাহি কি বাংলাদেশের চ্যাটের বাল যে তাকে ছাড়া ঐক্য হবে না
656	Political Normal	এবার ইনশা আল্লাহ ক্ষমতায় যাবই যাব। 
216	Personal Hate	এই সব পতিতা মানুষিকতার মেয়েরা আমাদের দেশের আবর্জনা
327	Personal Hate	এই খানকিরে দেখলে বমি আসে! 
459	Political Hate	একজন মেম্বারের যোগ্যতা যার নাই অথচ কত্থা বলে ইচরে পাকার মতো । 
1306	Gender abusive hate	মাগি তোর মাথায় আল্লার গজব পরুক।
1273	Gender abusive hate	দেশটা মাগি দিয়া ভইরা গেছে 
842	Religious Hate	তুই হালা দালাল তোর হিনদু বাপেরা ভারতে মুসল মানদের ওপর কি ভাবে অতাচার করিছে
167	Personal Hate	ছোটি আজাদ খানকির পোলা
20	Personal Hate	তোমাগো মতো পোলা পানের জন্য আজ কে দেশের ইউটিউব এর এই অবস্থা
627	Political Normal	কিন্তু পুরোটাই নির্ভর করছে সরকারি কর্মকর্তা ও সরকারের ওপর।
291	Personal Hate	বাঁশ এর বাড়ি আবার খাবি নাকী গরুর হাটে 
560	Political Hate	চোরের বাচ্চা চোর ব্যাটার পুত হলে বাংলাদেশে আইসা বাসন দে
232	Personal Hate	মাদার চোদ আরেক জনের গান নিয়ে মজা চোদাও  
1135	Geopoitical Hate	মায়ানমার বাংলাদেশের সাথে দন্দে ঝরাতে চায়,মায়ানমারকে ঘৃণা করি | 
1234	Gender abusive hate	মাগির বুদা অনেক বড় 
1342	Gender abusive hate	ঢাকাৰ মাল চুদাছো শেমজা 
1160	Geopoitical Hate	পাকিস্তান মানুষ ভালো নয় 
161	Personal Hate	মাদারির চোদরে লাথি মেরে বেরকরে দেওয়া দরকার ছিলো
498	Political Hate	মাহি ছৌঃ পরিবার বাটপার । 
495	Political Hate	বদরুচ্ছুদা আর মাহী বাল চৌধুরী, একটা বেইমান জাতীয় বাইমান 
176	Personal Hate	একবার জদি তোরে সামনে পাইতাম,হাজার পাবলিকের মাঝখানে, তোরে লেংটা করে দিতাম,
836	Religious Hate	চলো আমরা সবাই মুসলিম মারা শুরু করি 
490	Political Hate	মাহি কে আরো আগে বাদ দেয়া দরকার ছিল সালা খেলপ 
1125	Geopoitical Hate	ভারতের মায়েরে চুদি 
1275	Gender abusive hate	মাগি ব্যাবসা লইয়া বসছে 
1028	Geopoitical Hate	মালউন ইন্ডিয়ারাই ফারাক্কার পানিতে ডুবে মরবে। 
1058	Geopoitical Hate	সালাদের পাকিশতান কেলাচিছলো ঠিক করছিলো
7	Personal Hate	আর আমাদের এই খাইস্টা জাতের মধ্যে তুমিও পড় সো রক্ত ত মিশশা আসেই জিনিস টা
55	Personal Hate	আজাইরা যেটা পারো না সেটা চেস্টা করো কেন হুদাই
911	Religious Hate	এখনই কোন মসুলমান যদি এই রাস্তা দিয়ে যায় আমি বাধ্য হব ওই মসুলমান কে দিয়ে আমার গুদের জ্বালা মেটাতে
1010	Geopoitical Hate	পাকিস্তান একটা ফালতু দেশ কারন দিন গুলা মনে পরে 
1025	Geopoitical Hate	পাকিস্তানি রা আসলে গন্ড মুর্খ। এদের ভাল মন্দ বোঝার ক্ষমতা নেই। 
729	Political Normal	শেখ পরিবারের সাথে জিয়া পরিবার কিছুই না জিয়া পরিবার চুর বানায় ছে 
211	Personal Hate	তুই তোর মার পুটকি মার খানকির পুত 
590	Political Hate	আন্দালিব ভাই এই শালারা সব আওয়ামী লীগের চামচা পা-চাটা কুকুর 
548	Political Hate	খানকির বাচ্চা তারেক জিয়া।
477	Political Hate	খানকির পোলার সরকারের দালালরা তোদের এখন এগুলা ছাডা আর কোন কাজ নাই 
1271	Gender abusive hate	মাগীর পাচা দিয়ে বিকাশ ঢুকাইয়া দিলে ভালো হত 
1213	Gender abusive hate	নারী বুজে চোদা। প্রবাসির মন বিজতে পারে না।
168	Personal Hate	ওর জামাই টা কি বোকাচোদা
1399	Gender abusive hate	শ্রাবনী শায়ালাকে চুদবো ওর মা কে কুকুর দিয়ে চুদাবো
1079	Geopoitical Hate	আমরা জানি পাকিস্তান ও চীন আমাদের শত্রু।
785	Political Normal	পিলখানা হত্যাকাণ্ডে যাদেরকে মারা হয়েছে তারা শুধু আর্মি অফিসার নয় তারা হচ্ছে বাঙালী জাতির মেরুদণ্ড
961	Religious Hate	এখন তর চেহেরা ফেরাঊনের মত হয়ে যাচ্ছে, নাস্তিকের বাচ্চা নাস্তিক
862	Religious Hate	তুই একটা সুবিধাবাদি,তুই হিন্দু ও না আবার মুসলিম ও না, তুই একটা নাস্তিক। 
132	Personal Hate	চুতমারানি ছিরতে পারনা ভেড়ীর বাল লাফ দিয়া ধরো মাইনসের বাল।
1196	Geopoitical Hate	যারা বলে ভারত বাংলাদেশর বন্ধু তারাই বাংলাদেশের শত্রু ।
41	Personal Hate	আড়া চোদা রেপার গোরে পুটকি মারতে মন চায়
181	Personal Hate	বস্তাভর্তি মেকাপ নিয়ে বালের কনভারসেশন নিয়া বসছে।
1157	Geopoitical Hate	রেন্ডিয়া আমাদের শত্রু ভারতের দালালদের বাংলাই কোন থ্যাই নাই 
745	Political Normal	আন্দালিব রহমান পার্থ কে বাংলাদেশের প্রধানমন্ত্রী হিসেবে দেখতে চাই 
491	Political Hate	মাহি তুই খানকির পোলা তোর বাপ মাগির পোলা শালা দালাল 
340	Personal Hate	টুয়া তোর মারে বাপ 
287	Personal Hate	ইউটিউব এ একাউন্ট খুলছোস? ভালো কিছু বানা যাতে মানুষ দেখে
1151	Geopoitical Hate	যারা ভারত কে সাপরোর্ট করে তারা হিন্দুর জন্ম ভারতিয় দালালের জন্ম 
850	Religious Hate	শুধু আসাম না পশ্চিমবঙ্গ থেকে ও এই জেহাদি মুসলমানদের খেদানো হবে !
584	Political Hate	পার্থ সাহেবের সাথে কথা বলার মতো কুত্তালীগে কেও নাই?
217	Personal Hate	আই হায় কি ভাব চুদায়, তুই আমার লাওরার ভিজা বাল।
1373	Gender abusive hate	এইসব মাগী দের কে চুদা শাউয়াতে নাগা মরিচ লাগাইয়া দিলে ভালো হত| 
369	Personal Hate	পুরাই আজব রে মাইরি,মানুশকে কি এতোই বোকা পাইছস,পেয়েছো,পেয়েছেন আপনারা,পেয়েছিস???
903	Religious Hate	মুহম্মদের আমলেও বাল্যবিবাহ প্রচলিত ছিল। কিন্তু ৫৩ বছরের বুড়ার সাথে ৬ বছরের বাচ্চার বিয়ে কেউই ভাল চোখে দেখত না। 
201	Personal Hate	ফুল পর্ণ ভিডিও দেখাইয়া কস ইন্টারভিউ।
1192	Geopoitical Hate	"ভারতের ”সড়যন্ত্রে"" পূর্ব পাকিস্তান পৃথক হয়ে যায়"
397	Personal Hate	সাজু হালারে কেও ধইরা (তেরে নাম) এর পাগলা গারদ এ ভর্তি করায় দিয়ায়।
608	Political Normal	সবাইকে সতর্ক দৃষ্টি রাখতে হবে।
1195	Geopoitical Hate	মালুদের পাছায় বাঁশ দাও 
184	Personal Hate	তুর মায়ের ফুটকির বিতরে ডুকাই দেব মনে রাকিস সালার বেটা
691	Political Normal	ডঃ কামাল সাহেব একবার ও জিয়াউর রহমান এর নাম উচ্চারন করেনি,আর সেখানে বসে আছে বিএনপির নেতারা,কি বুঝলেন দেশবাশি৷ 
528	Political Hate	হাসিনার পতন চাই,সৌর হাসিনার কুত্তালীগ বাংলার মাঠিতে আমরা আর চাই না,!!!! 
547	Political Hate	তোর মত ছাগলে কথা বাঙ্গালী এখন আর বিশ্বাস করে না রে 
635	Political Normal	এসব না করে দয়া করে সোজা রাস্তায় আসুন। খালেদা জিয়াকে মুক্তি দিন।
43	Personal Hate	রাপ্পিযং এর জগতে আপনার সালমান মোক্তাদির, সম্রাট ভাই এর চুলের কাছেও নাই
665	Political Normal	মাহি চেয়েছিল কথার পেচে মান্নাভাইকে দিয়ে রাষ্ট দ্রোহি কথাবলানো যায়কিনা।
701	Political Normal	২৩ মিনিটের বক্তব্যে ৫৭ বার বংগ বন্ধুর নাম নিলেন কামাল সাহেব।
317	Personal Hate	এটা মেয়ে নাকি হিজড়া কিছুইত বুজলাম না 
202	Personal Hate	লজ্জা পানির লগে মিশাইয়া খাইয়া লাইছে নাকি বুজতাছিনা।
1110	Geopoitical Hate	এক বার সামনে থেকে লড়াই শুরু করে দেখ। মীর জাফর মতো খালি পেছনে থেকে ছুরি মারার চেষ্টা করিস। 
902	Religious Hate	রবীন্দ্রনাথ ধর্ষক মুহম্মদের মত ৫৩ বছর বয়সে একটা ৬ বছরের বাচ্চার সাথে মুফাখেতা (দুই পায়ের মাঝে জননাঙ্গ ঘষা) করেন নাই।
1350	Gender abusive hate	তোকে চুদার বড় সক আমার,তোর সোনার বিতরে গোস্ত বেসি চুদতে মজা লাগবে,ধুদের মাজখান দিয়ে দিবো, মজা পাইবি মাগী 
831	Religious Hate	মুসলিন জাতি বেইমান এবং জেহাদি ছিল, আছে , থাকবে
